REG_Number,Department,Graduation_Year,CGPA,Internship,Internship_Months,Projects_Count,Certifications_Count,Python_Skill,SQL_Skill,DSA_Skill,DBMS_Skill,OOP_Skill,Computer_Networks_Skill,Operating_Systems_Skill,Web_Development_Skill,Cloud_Computing_Skill,Machine_Learning_Skill,Communication_Skill,Problem_Solving_Skill,Industry_Python_Required,Industry_SQL_Required,Industry_DSA_Required,Industry_DBMS_Required,Industry_OOP_Required,Industry_Computer_Networks_Required,Industry_Operating_Systems_Required,Industry_Web_Development_Required,Industry_Cloud_Computing_Required,Industry_Machine_Learning_Required,Industry_Communication_Required,Industry_Problem_Solving_Required,Python_Gap,SQL_Gap,DSA_Gap,DBMS_Gap,OOP_Gap,Computer_Networks_Gap,Operating_Systems_Gap,Web_Development_Gap,Cloud_Computing_Gap,Machine_Learning_Gap,Communication_Gap,Problem_Solving_Gap,Overall_Skill_Gap,Skill_Alignment_Percentage,Placement_Status,event_timestamp
231FA04001,CSE,2027,7.78,No,0,5,3,6.2,4.7,8,9.2,7.8,4.7,7.1,6.8,7.6,6,6.7,5.3,8,8,9,7,7,7,7,7,7,7,9,8,1.8,3.3,1,0,0,2.3,0,0.2,0,1,2.3,2.7,1.22,87.8,Placed,2026-01-01 00:00:00
231FA04002,CSE-DS,2027,6.65,Yes,8,1,3,6.9,4.9,7.1,5.7,2.7,7.6,7.2,8.3,4,5.8,6.8,7.3,9,9,8,7,8,6,8,7,7,7,8,9,2.1,4.1,0.9,1.3,5.3,0,0.8,0,3,1.2,1.2,1.7,1.8,82,Placed,2026-01-01 06:00:00
231FA04003,CSE-AIML,2027,7.94,Yes,10,4,2,5.3,7.7,6.4,4.8,6.2,7.8,4.9,7.9,7.5,6.8,5.1,5.2,8,7,8,7,8,7,7,7,7,7,8,7,2.7,0,1.6,2.2,1.8,0,2.1,0,0,0.2,2.9,1.8,1.28,87.2,Placed,2026-01-01 12:00:00
231FA04004,CSE-AIML,2027,8.11,Yes,3,2,2,6.4,5.5,6.5,8.1,6.6,6.5,6.5,8.2,8.5,7.4,7.1,7.2,8,8,8,7,8,8,7,7,6,7,9,7,1.6,2.5,1.5,0,1.4,1.5,0.5,0,0,0,1.9,0,0.91,90.9,Placed,2026-01-01 18:00:00
231FA04005,CSE,2027,8.07,Yes,2,3,4,9,7.8,9.1,6.7,5.5,6.4,6.5,9.2,8.1,6.4,8.2,7,8,7,8,7,7,6,8,7,6,7,7,8,0,0,0,0.3,1.5,0,1.5,0,0,0.6,0,1,0.41,95.9,Not Placed,2026-01-02 00:00:00
231FA04006,CSE,2027,8.46,Yes,10,5,4,9.6,7.1,5.6,7.3,7.1,5.8,8.2,9.3,6.1,8.7,6.8,7.5,8,8,8,6,8,7,6,6,8,7,8,9,0,0.9,2.4,0,0.9,1.2,0,0,1.9,0,1.2,1.5,0.83,91.7,Placed,2026-01-02 06:00:00
231FA04007,CSE,2027,8.28,Yes,4,5,1,7.1,7.2,7.8,6,8.9,7.9,8.3,6.3,5.8,8.7,5.8,7.4,8,8,9,7,8,7,7,7,7,7,9,9,0.9,0.8,1.2,1,0,0,0,0.7,1.2,0,3.2,1.6,0.88,91.2,Placed,2026-01-02 12:00:00
231FA04008,CSE-DS,2027,7.99,Yes,5,5,3,8.6,7.2,8.8,7,5.7,7.8,7.6,10,6.2,7,6.4,7.2,9,8,7,7,9,8,7,7,8,8,8,8,0.4,0.8,0,0,3.3,0.2,0,0,1.8,1,1.6,0.8,0.82,91.8,Placed,2026-01-02 18:00:00
231FA04009,CSE-AIML,2027,7.6,Yes,12,2,2,6.6,5.7,7.4,6.6,8.5,6,9.1,7.2,8.4,7,5.8,6.5,8,9,8,8,7,7,8,7,6,8,8,8,1.4,3.3,0.6,1.4,0,1,0,0,0,1,2.2,1.5,1.03,89.7,Not Placed,2026-01-03 00:00:00
231FA04010,CSE-AIML,2027,6.4,Yes,2,5,4,5.4,7,7.3,7.2,8.8,6.9,4.7,10,6.2,8.3,5.2,7.4,8,8,9,7,7,7,6,7,7,7,8,8,2.6,1,1.7,0,0,0.1,1.3,0,0.8,0,2.8,0.6,0.91,90.9,Placed,2026-01-03 06:00:00
231FA04011,CSE,2027,7.97,Yes,6,4,0,6,3.4,6.6,6.9,6.7,7.3,6.6,7.1,7.2,6.9,6.8,5.9,8,8,8,8,8,7,6,8,7,7,8,7,2,4.6,1.4,1.1,1.3,0,0,0.9,0,0.1,1.2,1.1,1.14,88.6,Not Placed,2026-01-03 12:00:00
231FA04012,CSE-DS,2027,7.81,Yes,2,3,1,7.6,6.5,6.4,7.5,7.2,6,8.5,5.4,5.6,7.7,9.1,6.2,7,8,7,7,8,7,7,7,6,8,8,9,0,1.5,0.6,0,0.8,1,0,1.6,0.4,0.3,0,2.8,0.75,92.5,Placed,2026-01-03 18:00:00
231FA04013,CSE-DS,2027,7.85,Yes,4,2,4,7.5,5.5,5.9,8.4,7.5,8.5,8.4,4.4,5.5,7.4,4.9,5.7,8,9,8,6,8,6,8,7,7,6,8,8,0.5,3.5,2.1,0,0.5,0,0,2.6,1.5,0,3.1,2.3,1.34,86.6,Placed,2026-01-04 00:00:00
231FA04014,CSE,2027,6.69,Yes,8,4,2,8.7,6.2,7.8,6.8,6,4.8,7.2,8.7,6.1,7,5,6,8,9,8,6,8,7,7,8,7,6,8,8,0,2.8,0.2,0,2,2.2,0,0,0.9,0,3,2,1.09,89.1,Placed,2026-01-04 06:00:00
231FA04015,CSE,2027,6.84,No,0,4,3,7.2,7.7,7.5,4.2,6.2,5.6,6.4,6.6,8.1,7.2,8.6,5.9,7,8,8,7,8,7,7,7,7,7,9,7,0,0.3,0.5,2.8,1.8,1.4,0.6,0.4,0,0,0.4,1.1,0.77,92.3,Placed,2026-01-04 12:00:00
231FA04016,CSE,2027,8.44,Yes,12,2,2,5.2,8.8,7.5,6.1,7.5,8,7.1,6.1,6.4,7.4,7.2,8.5,9,7,7,7,8,7,8,6,8,7,8,9,3.8,0,0,0.9,0.5,0,0.9,0,1.6,0,0.8,0.5,0.75,92.5,Placed,2026-01-04 18:00:00
231FA04017,CSE,2027,7.62,Yes,5,6,1,6.9,6,10,7.4,8.3,7.9,7.5,6.9,3.7,5.9,7.6,3.8,8,8,8,7,8,7,7,6,8,7,8,9,1.1,2,0,0,0,0,0,0,4.3,1.1,0.4,5.2,1.18,88.2,Placed,2026-01-05 00:00:00
231FA04018,CSE,2027,8.16,Yes,4,7,2,7.6,8.4,8.6,8.3,8.7,9.5,8.9,7.8,7.4,7.7,7.2,8.9,8,8,7,7,7,8,7,7,6,8,8,8,0.4,0,0,0,0,0,0,0,0,0.3,0.8,0,0.12,98.8,Placed,2026-01-05 06:00:00
231FA04019,CSE,2027,7.67,No,0,4,1,7.5,6.3,8.4,6.4,5.6,6.8,5.8,8,5.7,6.6,8,5.9,8,7,8,7,8,7,7,8,6,7,8,8,0.5,0.7,0,0.6,2.4,0.2,1.2,0,0.3,0.4,0,2.1,0.7,93,Not Placed,2026-01-05 12:00:00
231FA04020,CSE,2027,7.67,Yes,4,2,3,7.4,5.7,7.2,7.6,6.9,7,7.5,6.6,8,8.6,5.8,9.1,9,8,8,8,8,6,8,7,7,7,9,8,1.6,2.3,0.8,0.4,1.1,0,0.5,0.4,0,0,3.2,0,0.86,91.4,Placed,2026-01-05 18:00:00
231FA04021,CSE-AIML,2027,8.35,Yes,4,4,1,6.8,9.6,6.8,8,8,6.6,7.2,8.9,6.7,6.6,5.7,9.1,8,9,7,7,9,7,6,6,6,7,9,8,1.2,0,0.2,0,1,0.4,0,0,0,0.4,3.3,0,0.54,94.6,Placed,2026-01-06 00:00:00
231FA04022,CSE,2027,7.26,Yes,2,2,1,6.1,8.2,5.9,8.1,7.7,6.4,5.8,5.9,5.8,8,6.9,5.3,8,9,7,6,9,7,8,6,6,7,9,9,1.9,0.8,1.1,0,1.3,0.6,2.2,0.1,0.2,0,2.1,3.7,1.17,88.3,Not Placed,2026-01-06 06:00:00
231FA04023,CSE,2027,7.72,Yes,4,2,2,6.5,6.7,4.2,6.6,7.7,6.7,7.2,7.4,6.4,7.8,8.7,4.9,8,8,8,7,7,7,6,6,6,8,7,8,1.5,1.3,3.8,0.4,0,0.3,0,0,0,0.2,0,3.1,0.88,91.2,Not Placed,2026-01-06 12:00:00
231FA04024,CSE,2027,7.3,Yes,5,2,4,6.5,9.8,7.1,6.9,6.6,8.5,5.7,8.1,6.6,6,6.6,6.9,7,8,8,8,9,7,8,6,7,7,7,8,0.5,0,0.9,1.1,2.4,0,2.3,0,0.4,1,0.4,1.1,0.84,91.6,Placed,2026-01-06 18:00:00
231FA04025,CSE,2027,7.32,Yes,6,2,5,6.4,8.4,6.1,7.2,7.7,7.2,8,6.5,7.8,7.8,8.2,4.6,9,8,8,7,9,7,7,7,7,7,8,8,2.6,0,1.9,0,1.3,0,0,0.5,0,0,0,3.4,0.81,91.9,Not Placed,2026-01-07 00:00:00
231FA04026,CSE-AIML,2027,7.42,No,0,4,1,7.4,7.9,6.2,6.1,5.9,5.5,7.6,9.6,6,6.2,6.8,4.7,8,8,8,7,9,6,7,8,7,6,8,8,0.6,0.1,1.8,0.9,3.1,0.5,0,0,1,0,1.2,3.3,1.04,89.6,Not Placed,2026-01-07 06:00:00
231FA04027,CSE,2027,7.82,Yes,6,3,2,6.1,6.9,5.9,8.5,5.4,8.1,8.8,7.5,6.8,7.3,6.4,4.4,8,8,8,7,8,7,8,6,7,7,9,8,1.9,1.1,2.1,0,2.6,0,0,0,0.2,0,2.6,3.6,1.18,88.2,Placed,2026-01-07 12:00:00
231FA04028,CSE,2027,7.29,No,0,1,2,5.2,6.4,5.3,5.9,7,6.6,7.8,6.8,6.9,5.5,4.8,5.9,8,8,8,8,9,7,6,7,8,7,8,9,2.8,1.6,2.7,2.1,2,0.4,0,0.2,1.1,1.5,3.2,3.1,1.73,82.7,Not Placed,2026-01-07 18:00:00
231FA04029,CSE-AIML,2027,8.59,No,0,1,4,5.9,6.6,5.5,7.9,5.9,6.4,6.8,8.3,9.1,9.1,5.3,6.4,8,8,8,6,8,8,8,8,7,7,8,8,2.1,1.4,2.5,0,2.1,1.6,1.2,0,0,0,2.7,1.6,1.27,87.3,Placed,2026-01-08 00:00:00
231FA04030,CSE,2027,6.98,Yes,6,6,1,6.4,7.6,7.5,6.4,6.3,5.8,3.8,5.5,8.2,8.9,8.8,8.2,7,8,8,7,7,7,6,8,6,7,7,8,0.6,0.4,0.5,0.6,0.7,1.2,2.2,2.5,0,0,0,0,0.72,92.8,Placed,2026-01-08 06:00:00
231FA04031,CSE-AIML,2027,7.51,Yes,5,2,5,5.8,5.6,4.8,6.3,7.2,5.8,7.6,7.9,6.4,5.4,8.8,7.1,7,7,7,7,7,7,7,7,8,7,7,8,1.2,1.4,2.2,0.7,0,1.2,0,0,1.6,1.6,0,0.9,0.9,91,Not Placed,2026-01-08 12:00:00
231FA04032,CSE,2027,7.32,Yes,2,3,0,9.2,6.8,6.9,5.5,6.2,4.8,5,7.7,6.4,6.2,5.8,6.2,8,8,8,6,7,7,7,7,7,7,8,8,0,1.2,1.1,0.5,0.8,2.2,2,0,0.6,0.8,2.2,1.8,1.1,89,Placed,2026-01-08 18:00:00
231FA04033,CSE,2027,8.74,Yes,8,1,3,8.4,7.2,5.5,8.3,9.2,7.6,8.1,8.5,4.9,9.3,8.4,7.6,8,8,8,7,8,6,7,6,7,8,9,8,0,0.8,2.5,0,0,0,0,0,2.1,0,0.6,0.4,0.53,94.7,Placed,2026-01-09 00:00:00
231FA04034,CSE-DS,2027,7.8,Yes,8,4,3,7,5.5,6.8,7.7,5.8,7.1,5.7,6.7,5.5,5.4,7.6,6.5,8,9,8,8,8,7,7,7,8,7,8,8,1,3.5,1.2,0.3,2.2,0,1.3,0.3,2.5,1.6,0.4,1.5,1.32,86.8,Not Placed,2026-01-09 06:00:00
231FA04035,CSE-DS,2027,8.42,No,0,2,1,6.1,5.9,10,7.5,7.6,5.7,7.3,6.4,5.7,9.1,7.4,7.4,7,8,8,7,9,6,8,8,7,8,9,8,0.9,2.1,0,0,1.4,0.3,0.7,1.6,1.3,0,1.6,0.6,0.88,91.2,Not Placed,2026-01-09 12:00:00
231FA04036,CSE-DS,2027,6.54,No,0,2,0,5,4.7,6.2,5.5,7,7.1,6.3,7.3,6.5,5.2,6,6.4,7,7,8,7,8,7,8,7,8,7,7,8,2,2.3,1.8,1.5,1,0,1.7,0,1.5,1.8,1,1.6,1.35,86.5,Not Placed,2026-01-09 18:00:00
231FA04037,CSE,2027,7.85,Yes,8,4,1,8.2,7.3,6.3,8.2,7.5,9,7.1,5.7,8.5,6.3,7.4,7.3,7,8,8,7,9,7,6,7,7,7,8,8,0,0.7,1.7,0,1.5,0,0,1.3,0,0.7,0.6,0.7,0.6,94,Not Placed,2026-01-10 00:00:00
231FA04038,CSE,2027,8.32,Yes,6,3,3,7.2,7,5.1,5.9,8.6,7.7,9.6,5.9,7.1,8.6,6.5,6.6,9,7,7,8,7,8,7,8,7,6,8,9,1.8,0,1.9,2.1,0,0.3,0,2.1,0,0,1.5,2.4,1.01,89.9,Not Placed,2026-01-10 06:00:00
231FA04039,CSE-AIML,2027,7.71,No,0,2,2,6.3,6.1,7.3,4.4,8.7,5.4,4,6.6,6.2,6.4,7,7.4,8,7,8,6,8,8,7,8,7,8,8,8,1.7,0.9,0.7,1.6,0,2.6,3,1.4,0.8,1.6,1,0.6,1.32,86.8,Not Placed,2026-01-10 12:00:00
231FA04040,CSE,2027,8.45,No,0,1,1,8.7,5.7,7.6,7.5,3.3,5.5,5,7.1,7,7,6.2,6.3,7,8,8,8,7,8,7,6,8,7,7,7,0,2.3,0.4,0.5,3.7,2.5,2,0,1,0,0.8,0.7,1.16,88.4,Placed,2026-01-10 18:00:00
231FA04041,CSE,2027,7.26,No,0,5,5,7.1,6.7,8.1,5.8,6.2,7.3,6.7,5.8,7.8,6.4,6.1,6.9,8,7,8,7,8,6,7,7,7,7,8,9,0.9,0.3,0,1.2,1.8,0,0.3,1.2,0,0.6,1.9,2.1,0.86,91.4,Placed,2026-01-11 00:00:00
231FA04042,CSE,2027,8.71,Yes,5,1,1,5.7,6.8,6.4,6.2,6.2,8.1,7.3,4.7,7.9,7.5,7.4,8,8,8,8,7,8,7,7,7,7,6,9,8,2.3,1.2,1.6,0.8,1.8,0,0,2.3,0,0,1.6,0,0.97,90.3,Placed,2026-01-11 06:00:00
231FA04043,CSE,2027,9.37,No,0,2,0,6.8,7.6,6.2,7.9,7.1,5.1,8.1,6.7,6.5,6.3,6.4,7.1,8,8,8,7,8,8,6,7,7,6,8,8,1.2,0.4,1.8,0,0.9,2.9,0,0.3,0.5,0,1.6,0.9,0.88,91.2,Placed,2026-01-11 12:00:00
231FA04044,CSE-DS,2027,7.38,Yes,6,3,3,5.7,5,5.6,7.5,6.8,8.4,6.9,8,6.1,6.4,7,6.8,9,8,7,8,8,7,6,7,7,7,9,9,3.3,3,1.4,0.5,1.2,0,0,0,0.9,0.6,2,2.2,1.26,87.4,Placed,2026-01-11 18:00:00
231FA04045,CSE,2027,7.32,Yes,6,4,2,6.7,5.9,5,7.8,7.7,6.2,7.5,6.8,8.4,5.4,6.8,6.7,8,9,8,7,7,7,6,7,7,7,8,8,1.3,3.1,3,0,0,0.8,0,0.2,0,1.6,1.2,1.3,1.04,89.6,Placed,2026-01-12 00:00:00
231FA04046,CSE-AIML,2027,8.74,Yes,6,2,2,7.2,9,6.9,8,6.9,8.4,8,6.6,6.5,7.7,6.2,7.3,8,7,8,7,7,7,7,7,7,6,7,8,0.8,0,1.1,0,0.1,0,0,0.4,0.5,0,0.8,0.7,0.37,96.3,Placed,2026-01-12 06:00:00
231FA04047,CSE,2027,8.83,Yes,3,6,4,7.3,8.2,7.5,6.8,9.1,8,7.6,8.2,5.6,10,7.7,5.3,9,8,8,7,8,6,7,7,6,7,8,8,1.7,0,0.5,0.2,0,0,0,0,0.4,0,0.3,2.7,0.48,95.2,Placed,2026-01-12 12:00:00
231FA04048,CSE,2027,7.26,No,0,3,3,8.2,5.8,8.1,6.9,4.8,7.1,7,8.2,7.4,5.2,8,6.2,7,7,9,6,9,7,7,7,7,7,7,8,0,1.2,0.9,0,4.2,0,0,0,0,1.8,0,1.8,0.83,91.7,Not Placed,2026-01-12 18:00:00
231FA04049,CSE,2027,7.33,Yes,10,5,2,9.3,6.7,6.9,6.1,6.5,6.2,8.6,5.5,8.1,8.2,8.8,7.2,8,8,8,7,8,7,6,6,7,7,8,8,0,1.3,1.1,0.9,1.5,0.8,0,0.5,0,0,0,0.8,0.57,94.3,Placed,2026-01-13 00:00:00
231FA04050,CSE,2027,7.44,Yes,6,4,1,5.7,6.7,7.7,7.1,7.4,8.7,7.7,7.2,4.6,6,6.4,4.5,8,8,7,8,8,7,7,7,6,7,9,8,2.3,1.3,0,0.9,0.6,0,0,0,1.4,1,2.6,3.5,1.13,88.7,Not Placed,2026-01-13 06:00:00
231FA04051,CSE-DS,2027,6.64,Yes,10,4,3,5.6,6.6,6.8,7.6,6.7,7.3,6.4,7,7.5,8.8,6.3,7.1,8,8,8,6,8,7,7,7,8,7,8,7,2.4,1.4,1.2,0,1.3,0,0.6,0,0.5,0,1.7,0,0.76,92.4,Not Placed,2026-01-13 12:00:00
231FA04052,CSE-AIML,2027,6.96,Yes,6,5,4,8.3,5.4,9.7,8.7,5.1,7.7,6.5,6.7,7.7,8.5,6.6,6.6,9,9,8,7,7,7,7,7,6,7,8,8,0.7,3.6,0,0,1.9,0,0.5,0.3,0,0,1.4,1.4,0.82,91.8,Not Placed,2026-01-13 18:00:00
231FA04053,CSE-DS,2027,6.9,Yes,6,3,0,7.1,7.4,5.4,8.8,5.8,7.8,7.2,7.4,5.9,4.5,6.6,6.6,8,7,7,6,7,7,8,8,7,7,9,8,0.9,0,1.6,0,1.2,0,0.8,0.6,1.1,2.5,2.4,1.4,1.04,89.6,Not Placed,2026-01-14 00:00:00
231FA04054,CSE-DS,2027,7.07,Yes,6,5,2,5.9,8.2,7,6.1,7.8,7.8,6.2,8.6,9.9,5.7,6.8,7.5,8,9,8,8,9,7,7,7,6,8,8,8,2.1,0.8,1,1.9,1.2,0,0.8,0,0,2.3,1.2,0.5,0.98,90.2,Not Placed,2026-01-14 06:00:00
231FA04055,CSE-AIML,2027,7.62,No,0,3,1,9.5,5.7,5.5,5.5,8.2,5.8,5.6,7,7,8,6.8,7,7,9,9,7,9,7,7,7,7,7,8,7,0,3.3,3.5,1.5,0.8,1.2,1.4,0,0,0,1.2,0,1.08,89.2,Not Placed,2026-01-14 12:00:00
231FA04056,CSE-DS,2027,7.83,Yes,5,6,3,7.3,5.8,7.2,7.5,6.9,5.5,6,7.4,8.6,9.5,7.2,6.5,8,9,9,7,7,7,6,7,7,7,8,7,0.7,3.2,1.8,0,0.1,1.5,0,0,0,0,0.8,0.5,0.72,92.8,Not Placed,2026-01-14 18:00:00
231FA04057,CSE,2027,8.81,Yes,6,4,5,7.1,6.2,8.5,10,6.7,6.1,8.8,7.9,8,9.5,5.8,5.8,8,9,8,7,8,6,7,6,7,8,9,8,0.9,2.8,0,0,1.3,0,0,0,0,0,3.2,2.2,0.87,91.3,Not Placed,2026-01-15 00:00:00
231FA04058,CSE,2027,6.9,Yes,3,4,4,6.9,7.2,6.6,10,6.7,6.4,7.2,8.3,6.2,6.9,8.3,8.4,8,8,8,6,9,7,7,7,6,8,8,8,1.1,0.8,1.4,0,2.3,0.6,0,0,0,1.1,0,0,0.61,93.9,Not Placed,2026-01-15 06:00:00
231FA04059,CSE,2027,8.39,No,0,4,1,7.2,10,9.4,5.2,4.8,7.9,8.6,6.7,6.3,5.9,5.5,8.4,7,7,8,8,8,8,8,6,7,7,9,7,0,0,0,2.8,3.2,0.1,0,0,0.7,1.1,3.5,0,0.95,90.5,Placed,2026-01-15 12:00:00
231FA04060,CSE,2027,7.49,No,0,2,3,6.2,7.1,4.4,7.9,7.4,5,7,6.7,6.1,3,5.9,7.1,8,7,9,7,7,7,6,7,8,7,7,8,1.8,0,4.6,0,0,2,0,0.3,1.9,4,1.1,0.9,1.38,86.2,Not Placed,2026-01-15 18:00:00
231FA04061,CSE,2027,7.61,No,0,4,3,6.3,6.7,8.8,6.8,4.3,6.7,7.1,5.9,7.9,5.1,6.8,5.1,8,8,9,7,8,6,8,7,7,7,9,7,1.7,1.3,0.2,0.2,3.7,0,0.9,1.1,0,1.9,2.2,1.9,1.26,87.4,Not Placed,2026-01-16 00:00:00
231FA04062,CSE,2027,8.16,Yes,3,6,2,7,8.3,7.2,7.1,7.4,7.5,8.3,8.3,9.2,7.6,5.3,8.5,8,7,8,7,8,7,7,6,7,7,9,9,1,0,0.8,0,0.6,0,0,0,0,0,3.7,0.5,0.55,94.5,Not Placed,2026-01-16 06:00:00
231FA04063,CSE-DS,2027,6.81,Yes,4,2,3,8.4,9.8,8.6,6.1,7,6.4,6.2,6.6,8.3,4.8,5.5,8.3,9,9,8,6,8,7,8,7,8,7,8,8,0.6,0,0,0,1,0.6,1.8,0.4,0,2.2,2.5,0,0.76,92.4,Placed,2026-01-16 12:00:00
231FA04064,CSE,2027,7.94,Yes,4,4,1,8.9,6.2,9.1,8.3,6.7,4,5,6.2,8,8,6.5,6.8,9,8,8,7,7,7,7,7,7,7,8,8,0.1,1.8,0,0,0.3,3,2,0.8,0,0,1.5,1.2,0.89,91.1,Placed,2026-01-16 18:00:00
231FA04065,CSE,2027,7.77,No,0,1,4,6.7,6.4,6.9,6.7,4.6,6.4,6.7,7.9,5.7,6.9,7.4,6.5,8,7,9,6,8,7,7,7,7,7,9,8,1.3,0.6,2.1,0,3.4,0.6,0.3,0,1.3,0.1,1.6,1.5,1.07,89.3,Placed,2026-01-17 00:00:00
231FA04066,CSE,2027,8.02,No,0,4,0,4.6,8,7.7,7.1,6.8,4.6,7.8,8.6,5.4,8.5,8.2,5.4,7,8,9,8,8,7,6,6,7,7,8,8,2.4,0,1.3,0.9,1.2,2.4,0,0,1.6,0,0,2.6,1.03,89.7,Not Placed,2026-01-17 06:00:00
231FA04067,CSE,2027,7.87,Yes,10,4,2,6.6,5.4,7,7.7,5.5,7.6,7.9,7.9,7.7,5.6,7,7.6,9,8,8,7,8,7,7,8,7,7,8,8,2.4,2.6,1,0,2.5,0,0,0.1,0,1.4,1,0.4,0.95,90.5,Not Placed,2026-01-17 12:00:00
231FA04068,CSE-DS,2027,9.49,No,0,2,2,8.8,7,7.5,5.8,5.6,5.4,6.5,9.6,6.5,7.5,7.7,5.6,8,8,8,7,8,7,7,7,7,7,9,9,0,1,0.5,1.2,2.4,1.6,0.5,0,0.5,0,1.3,3.4,1.03,89.7,Placed,2026-01-17 18:00:00
231FA04069,CSE,2027,7.17,No,0,5,1,6.3,7.6,7.3,4.3,7.6,6.1,6.2,7.3,8.7,6.6,8.3,5,8,8,8,7,8,7,7,7,6,7,8,8,1.7,0.4,0.7,2.7,0.4,0.9,0.8,0,0,0.4,0,3,0.92,90.8,Not Placed,2026-01-18 00:00:00
231FA04070,CSE-DS,2027,7.25,Yes,2,1,4,7,6.1,7.1,6.4,5.1,5.7,4.7,5.2,7.4,6.5,7.1,9.1,8,8,9,7,8,7,7,7,8,8,7,9,1,1.9,1.9,0.6,2.9,1.3,2.3,1.8,0.6,1.5,0,0,1.32,86.8,Placed,2026-01-18 06:00:00
231FA04071,CSE-AIML,2027,7.18,No,0,7,2,6.8,7.9,7.2,10,3.4,6.2,8,6.2,7.8,7.1,8.2,5.7,7,8,8,7,9,7,7,8,7,7,8,8,0.2,0.1,0.8,0,5.6,0.8,0,1.8,0,0,0,2.3,0.97,90.3,Placed,2026-01-18 12:00:00
231FA04072,CSE,2027,7.23,Yes,4,4,4,7.4,7.7,7.3,7.3,8.6,5,7.3,5.6,8.1,6.1,4.1,8.1,7,9,8,7,8,7,8,6,7,8,7,8,0,1.3,0.7,0,0,2,0.7,0.4,0,1.9,2.9,0,0.82,91.8,Placed,2026-01-18 18:00:00
231FA04073,CSE,2027,7.17,Yes,8,2,2,6.4,7.2,8.5,7.2,6.9,6.7,5.3,6.5,9.2,6.3,6.5,8.3,8,8,8,6,8,8,8,6,6,8,8,8,1.6,0.8,0,0,1.1,1.3,2.7,0,0,1.7,1.5,0,0.89,91.1,Not Placed,2026-01-19 00:00:00
231FA04074,CSE-DS,2027,8.54,Yes,6,4,5,5.6,8.3,5.5,8,7.5,8.3,6.2,6.8,8.3,6.9,8.4,7.7,8,7,9,7,8,7,6,7,8,8,8,8,2.4,0,3.5,0,0.5,0,0,0.2,0,1.1,0,0.3,0.67,93.3,Not Placed,2026-01-19 06:00:00
231FA04075,CSE-AIML,2027,8.72,Yes,8,2,2,6.5,6.6,7,6.8,8,6.6,6.3,8.2,6.5,6.4,3.9,5.7,7,9,7,7,8,7,7,8,8,7,8,8,0.5,2.4,0,0.2,0,0.4,0.7,0,1.5,0.6,4.1,2.3,1.06,89.4,Placed,2026-01-19 12:00:00
231FA04076,CSE-AIML,2027,7.22,Yes,4,2,1,5.6,6,5.8,7.9,5.7,5.8,6.9,5.3,8.6,7.7,5.2,7.9,9,8,9,7,7,8,7,7,7,7,8,9,3.4,2,3.2,0,1.3,2.2,0.1,1.7,0,0,2.8,1.1,1.48,85.2,Placed,2026-01-19 18:00:00
231FA04077,CSE-AIML,2027,7.03,Yes,6,3,1,8.3,5.3,5.3,6,5,5.8,6.2,7.4,6.8,6.6,6.1,5.1,8,8,8,7,7,8,8,7,6,7,8,8,0,2.7,2.7,1,2,2.2,1.8,0,0,0.4,1.9,2.9,1.47,85.3,Not Placed,2026-01-20 00:00:00
231FA04078,CSE,2027,8,Yes,4,3,2,7.8,7.7,6.2,5.6,9,7.3,7.5,7.6,5.5,8.9,6.5,8,8,9,9,7,8,7,7,8,6,7,8,9,0.2,1.3,2.8,1.4,0,0,0,0.4,0.5,0,1.5,1,0.76,92.4,Placed,2026-01-20 06:00:00
231FA04079,CSE,2027,7.24,Yes,12,5,2,8.9,7.2,5.6,4,7.1,7.4,6.4,7.3,7.6,8.4,6.8,7.1,9,8,7,6,9,7,7,7,7,6,7,8,0.1,0.8,1.4,2,1.9,0,0.6,0,0,0,0.2,0.9,0.66,93.4,Not Placed,2026-01-20 12:00:00
231FA04080,CSE,2027,8.12,Yes,6,3,4,7,7.2,6.6,6.6,6.6,7.4,6.1,6.6,9.5,8.3,6,8.3,8,9,9,7,7,7,6,7,7,7,8,8,1,1.8,2.4,0.4,0.4,0,0,0.4,0,0,2,0,0.7,93,Not Placed,2026-01-20 18:00:00
231FA04081,CSE-DS,2027,7.8,Yes,4,7,1,8.2,7.3,6.5,6.4,7.7,6.3,8.8,9.1,7.3,8.8,6.9,6.5,8,8,8,8,8,7,7,7,7,6,9,8,0,0.7,1.5,1.6,0.3,0.7,0,0,0,0,2.1,1.5,0.7,93,Placed,2026-01-21 00:00:00
231FA04082,CSE-AIML,2027,6.51,Yes,4,2,3,8.1,8.7,9.1,7.1,7.8,7.1,8.4,7.2,7.7,5.3,6.4,7.7,7,8,8,7,8,7,8,7,7,7,7,7,0,0,0,0,0.2,0,0,0,0,1.7,0.6,0,0.21,97.9,Not Placed,2026-01-21 06:00:00
231FA04083,CSE,2027,8.81,Yes,3,3,4,8.2,8.5,7.5,6.5,7.3,7.4,7.6,6.1,7,7.2,4.5,8.4,9,8,8,7,7,6,6,7,7,6,9,9,0.8,0,0.5,0.5,0,0,0,0.9,0,0,4.5,0.6,0.65,93.5,Placed,2026-01-21 12:00:00
231FA04084,CSE,2027,9,No,0,2,5,7.3,7.5,6.5,7.9,6.1,6.3,7.9,7.6,5.5,9.1,6.2,7,8,7,8,7,7,7,7,7,6,6,8,7,0.7,0,1.5,0,0.9,0.7,0,0,0.5,0,1.8,0,0.51,94.9,Placed,2026-01-21 18:00:00
231FA04085,CSE,2027,7.19,No,0,4,2,9,4.2,4.6,7.3,3.7,4.2,8.2,6.3,9.5,5.5,6.4,7.5,8,8,8,8,8,6,7,7,7,6,9,7,0,3.8,3.4,0.7,4.3,1.8,0,0.7,0,0.5,2.6,0,1.48,85.2,Not Placed,2026-01-22 00:00:00
231FA04086,CSE,2027,7.36,No,0,4,4,7.6,6.7,6.2,7.3,8.7,7.9,6.2,5.7,6.1,5.4,7.2,8,8,9,8,7,8,7,8,7,7,7,8,8,0.4,2.3,1.8,0,0,0,1.8,1.3,0.9,1.6,0.8,0,0.91,90.9,Placed,2026-01-22 06:00:00
231FA04087,CSE-AIML,2027,7.86,No,0,5,2,6.9,9.2,9.3,7.4,7.9,5.9,6.6,8.6,6.3,8.9,8.4,8,7,8,9,6,8,8,6,7,7,8,8,8,0.1,0,0,0,0.1,2.1,0,0,0.7,0,0,0,0.25,97.5,Not Placed,2026-01-22 12:00:00
231FA04088,CSE-AIML,2027,7.9,Yes,6,6,2,5.9,7,8.2,6.1,7.1,8.3,6.6,6.3,5.1,6.9,8.3,6.3,7,8,8,7,8,8,7,7,7,7,8,7,1.1,1,0,0.9,0.9,0,0.4,0.7,1.9,0.1,0,0.7,0.64,93.6,Not Placed,2026-01-22 18:00:00
231FA04089,CSE-DS,2027,8.14,No,0,4,3,7.1,6.8,6.2,8.1,9.1,8.3,6.2,9.5,8.3,6.5,6.1,8.4,9,7,9,7,9,8,6,7,7,7,9,8,1.9,0.2,2.8,0,0,0,0,0,0,0.5,2.9,0,0.69,93.1,Not Placed,2026-01-23 00:00:00
231FA04090,CSE,2027,9.16,Yes,8,3,2,7.5,6.2,7.1,6.7,6.2,8.5,8.2,8.3,8.3,6.1,6.5,9.1,8,7,8,8,7,6,7,7,6,7,8,8,0.5,0.8,0.9,1.3,0.8,0,0,0,0,0.9,1.5,0,0.56,94.4,Placed,2026-01-23 06:00:00
231FA04091,CSE,2027,7.52,Yes,8,4,1,7.1,5.1,7.2,7.8,7.6,5.8,9.3,5.1,7.1,9.1,7.7,8,8,9,8,7,8,7,7,7,7,6,8,9,0.9,3.9,0.8,0,0.4,1.2,0,1.9,0,0,0.3,1,0.87,91.3,Not Placed,2026-01-23 12:00:00
231FA04092,CSE-AIML,2027,7.05,No,0,2,2,5.2,6.9,6.5,5.1,7.6,5.5,5.6,7.1,6.3,6.7,6.3,8.3,8,8,7,7,8,7,7,6,8,8,8,7,2.8,1.1,0.5,1.9,0.4,1.5,1.4,0,1.7,1.3,1.7,0,1.19,88.1,Not Placed,2026-01-23 18:00:00
231FA04093,CSE-AIML,2027,6.62,Yes,3,7,4,6.2,6.8,8,6.1,6.1,7.6,8.5,8.6,7.5,6.5,7.7,8.1,8,9,9,6,7,7,7,7,7,7,8,9,1.8,2.2,1,0,0.9,0,0,0,0,0.5,0.3,0.9,0.63,93.7,Placed,2026-01-24 00:00:00
231FA04094,CSE-AIML,2027,7.1,No,0,4,1,7,8.2,5.4,5.8,8,4.8,6,5.8,4.7,6.4,7.6,6.9,7,8,8,7,8,6,7,7,6,7,8,9,0,0,2.6,1.2,0,1.2,1,1.2,1.3,0.6,0.4,2.1,0.97,90.3,Placed,2026-01-24 06:00:00
231FA04095,CSE-AIML,2027,7.63,No,0,2,3,7.7,8.2,6.2,10,6.3,6.4,5.8,7.4,6.3,6.6,6.4,6.4,8,9,7,7,9,8,8,7,7,8,7,9,0.3,0.8,0.8,0,2.7,1.6,2.2,0,0.7,1.4,0.6,2.6,1.14,88.6,Not Placed,2026-01-24 12:00:00
231FA04096,CSE,2027,9,No,0,2,3,7.2,6.4,6.5,8.3,6.6,7.5,5.9,6.4,5.4,9.3,8.7,7.7,8,8,8,7,9,7,7,7,7,7,7,7,0.8,1.6,1.5,0,2.4,0,1.1,0.6,1.6,0,0,0,0.8,92,Placed,2026-01-24 18:00:00
231FA04097,CSE,2027,7.26,No,0,7,2,9.8,8.1,6.9,7.6,8.9,6.1,5.7,7.7,6.4,4.3,5.6,6.8,8,8,8,7,9,7,8,8,7,7,8,8,0,0,1.1,0,0.1,0.9,2.3,0.3,0.6,2.7,2.4,1.2,0.97,90.3,Placed,2026-01-25 00:00:00
231FA04098,CSE,2027,7.82,Yes,4,5,3,7.4,7.4,9.8,7,7.7,5.3,7.3,7.7,5.6,6.1,7.9,6.6,7,9,8,6,9,7,7,7,7,7,9,8,0,1.6,0,0,1.3,1.7,0,0,1.4,0.9,1.1,1.4,0.78,92.2,Not Placed,2026-01-25 06:00:00
231FA04099,CSE,2027,7.64,Yes,2,3,4,7,7.8,9.7,6.8,9.3,4.7,7.3,6.7,6.4,7.9,6.8,4.6,9,7,8,6,8,7,7,6,8,8,9,9,2,0,0,0,0,2.3,0,0,1.6,0.1,2.2,4.4,1.05,89.5,Placed,2026-01-25 12:00:00
231FA04100,CSE,2027,8.54,Yes,10,4,2,5.3,8.2,5.2,8.2,7.4,7,7.1,7.9,5.8,7.3,5.8,7.5,7,8,8,6,9,7,7,7,6,6,9,7,1.7,0,2.8,0,1.6,0,0,0,0.2,0,3.2,0,0.79,92.1,Placed,2026-01-25 18:00:00
231FA04101,CSE,2027,9.55,Yes,4,7,1,8.5,7.9,8.5,6.9,7.7,7.4,7.4,6.7,7.2,6.3,5.6,6.9,8,8,7,7,8,7,8,7,7,8,8,8,0,0.1,0,0.1,0.3,0,0.6,0.3,0,1.7,2.4,1.1,0.55,94.5,Placed,2026-01-26 00:00:00
231FA04102,CSE-AIML,2027,7.25,Yes,5,3,1,7.6,7.1,5.2,6.3,7.7,6.2,5,9.6,6.6,5.3,7,6.7,8,7,8,7,9,7,7,8,6,8,9,7,0.4,0,2.8,0.7,1.3,0.8,2,0,0,2.7,2,0.3,1.08,89.2,Placed,2026-01-26 06:00:00
231FA04103,CSE,2027,7.28,No,0,5,3,5.1,7.1,8.2,6.7,4.4,7.4,7.7,6.3,6.3,9.8,6.2,5.6,8,9,8,7,8,6,7,7,7,6,9,8,2.9,1.9,0,0.3,3.6,0,0,0.7,0.7,0,2.8,2.4,1.27,87.3,Placed,2026-01-26 12:00:00
231FA04104,CSE,2027,8.43,No,0,1,7,7.1,7.8,7.7,4,6.2,8.5,7.5,5.5,8.6,8.3,6.7,8.2,7,8,9,7,7,8,8,8,7,7,8,7,0,0.2,1.3,3,0.8,0,0.5,2.5,0,0,1.3,0,0.8,92,Placed,2026-01-26 18:00:00
231FA04105,CSE-DS,2027,8.16,Yes,4,5,2,9.8,6,8,9.8,8.1,6.3,7.6,9,6,7.3,7,6.5,7,8,8,7,8,7,6,7,8,8,8,8,0,2,0,0,0,0.7,0,0,2,0.7,1,1.5,0.66,93.4,Not Placed,2026-01-27 00:00:00
231FA04106,CSE,2027,9.04,Yes,10,4,3,7.7,7.3,8.2,8.9,5.8,7.5,7.4,7.7,7.4,6.2,9.2,9.8,8,9,8,7,7,7,7,7,7,6,8,8,0.3,1.7,0,0,1.2,0,0,0,0,0,0,0,0.27,97.3,Placed,2026-01-27 06:00:00
231FA04107,CSE,2027,8.09,Yes,10,6,3,8.2,8.2,7.6,8.7,4.4,7.5,6.8,7.7,8.8,7.5,7,5.7,9,9,8,8,8,8,7,7,7,7,7,9,0.8,0.8,0.4,0,3.6,0.5,0.2,0,0,0,0,3.3,0.8,92,Placed,2026-01-27 12:00:00
231FA04108,CSE-AIML,2027,7.38,Yes,4,3,5,7,8,6.1,4.6,10,7.6,6.9,8.9,7.3,8.8,8.7,5.5,7,8,7,8,7,7,7,7,7,7,7,7,0,0,0.9,3.4,0,0,0.1,0,0,0,0,1.5,0.49,95.1,Placed,2026-01-27 18:00:00
231FA04109,CSE,2027,8.09,No,0,5,3,7.7,9.3,5.9,5.9,6.1,8.3,7.5,4.7,7.6,6.8,7,6.1,8,8,7,6,8,7,6,6,6,6,8,7,0.3,0,1.1,0.1,1.9,0,0,1.3,0,0,1,0.9,0.55,94.5,Not Placed,2026-01-28 00:00:00
231FA04110,CSE,2027,8.48,Yes,12,3,2,7.6,8.4,6.3,5,6.7,8.1,6.6,5.2,8.1,8.9,7.1,5.1,8,8,8,7,9,7,7,7,7,7,8,9,0.4,0,1.7,2,2.3,0,0.4,1.8,0,0,0.9,3.9,1.12,88.8,Placed,2026-01-28 06:00:00
231FA04111,CSE,2027,8.27,Yes,8,5,1,6.8,7.4,6.2,8,6.1,7.3,6.9,8,7.2,7,6.2,7.3,8,8,8,6,8,6,7,7,6,8,8,9,1.2,0.6,1.8,0,1.9,0,0.1,0,0,1,1.8,1.7,0.84,91.6,Not Placed,2026-01-28 12:00:00
231FA04112,CSE,2027,8.03,Yes,8,5,2,6.9,6.2,7.5,7.7,6.8,8.4,7.6,5.7,8.9,8.2,8.5,7.8,8,8,9,7,7,7,8,6,6,6,7,8,1.1,1.8,1.5,0,0.2,0,0.4,0.3,0,0,0,0.2,0.46,95.4,Placed,2026-01-28 18:00:00
231FA04113,CSE-DS,2027,8.45,No,0,1,3,3.8,8.1,6.8,7.2,7.4,9.2,6.1,6.1,5.7,5.4,5.4,4.4,8,7,8,7,8,7,7,7,7,8,9,7,4.2,0,1.2,0,0.6,0,0.9,0.9,1.3,2.6,3.6,2.6,1.49,85.1,Placed,2026-01-29 00:00:00
231FA04114,CSE-DS,2027,8.53,No,0,4,5,7.8,9.8,9.9,6.2,6.9,8.8,7.8,7.5,7,8.8,5.9,7.9,7,8,8,7,9,7,7,6,6,7,8,8,0,0,0,0.8,2.1,0,0,0,0,0,2.1,0.1,0.42,95.8,Placed,2026-01-29 06:00:00
231FA04115,CSE-AIML,2027,8.69,Yes,2,3,3,7.7,7.3,8.2,7.3,6.6,7.4,5.2,8,8.3,6.4,6.1,6.5,7,8,8,7,8,8,7,7,8,7,8,8,0,0.7,0,0,1.4,0.6,1.8,0,0,0.6,1.9,1.5,0.71,92.9,Placed,2026-01-29 12:00:00
231FA04116,CSE-DS,2027,8.14,Yes,3,4,2,7.1,7.4,9.2,9,8.2,7.3,6,9.3,6.9,7.5,8,7.2,8,8,8,7,9,6,7,7,7,7,8,8,0.9,0.6,0,0,0.8,0,1,0,0.1,0,0,0.8,0.35,96.5,Placed,2026-01-29 18:00:00
231FA04117,CSE-DS,2027,7.52,Yes,12,3,2,8.4,7.5,8.2,7.5,6.9,7,6.8,5.3,5.7,7.8,5.3,6.4,8,8,9,7,8,7,8,7,7,7,7,9,0,0.5,0.8,0,1.1,0,1.2,1.7,1.3,0,1.7,2.6,0.91,90.9,Not Placed,2026-01-30 00:00:00
231FA04118,CSE,2027,7.76,Yes,4,4,3,5.9,6.6,7,6.7,5.4,6.9,6,6.4,8.1,8.4,5.5,9.1,9,8,7,8,8,6,7,7,6,6,8,9,3.1,1.4,0,1.3,2.6,0,1,0.6,0,0,2.5,0,1.04,89.6,Not Placed,2026-01-30 06:00:00
231FA04119,CSE-DS,2027,8.55,No,0,4,2,6.4,6.3,5.9,7.1,9.5,5.1,4.5,7.4,7.8,7.1,7.8,5.6,8,9,9,7,8,6,7,7,6,7,7,9,1.6,2.7,3.1,0,0,0.9,2.5,0,0,0,0,3.4,1.18,88.2,Placed,2026-01-30 12:00:00
231FA04120,CSE,2027,7.04,Yes,8,3,4,5.8,7.1,9.2,7.7,7.7,5.6,7.5,5.5,9.2,5.7,6,5.1,8,7,8,8,8,8,6,6,6,7,9,8,2.2,0,0,0.3,0.3,2.4,0,0.5,0,1.3,3,2.9,1.08,89.2,Placed,2026-01-30 18:00:00
231FA04121,CSE-DS,2027,7.93,Yes,8,4,3,7.3,7.3,9.1,8.2,6.2,8.3,5.7,6.3,7.4,5.8,8.5,10,8,8,7,6,8,8,7,7,6,8,9,8,0.7,0.7,0,0,1.8,0,1.3,0.7,0,2.2,0.5,0,0.66,93.4,Not Placed,2026-01-31 00:00:00
231FA04122,CSE-DS,2027,7.35,Yes,12,5,2,6.8,6.3,7,6.4,7.5,5.5,7.5,9.5,4.6,5.7,6.6,7.8,9,7,7,8,8,7,7,7,8,7,8,8,2.2,0.7,0,1.6,0.5,1.5,0,0,3.4,1.3,1.4,0.2,1.07,89.3,Placed,2026-01-31 06:00:00
231FA04123,CSE,2027,7.67,No,0,3,1,7.8,7.7,4.6,5.8,5.5,6.6,6.7,5,6.1,7.4,5.9,6.4,8,9,7,7,8,6,7,6,7,7,7,7,0.2,1.3,2.4,1.2,2.5,0,0.3,1,0.9,0,1.1,0.6,0.96,90.4,Placed,2026-01-31 12:00:00
231FA04124,CSE,2027,8.61,Yes,2,1,2,9,9.4,4.2,7,10,7.5,6.9,8.5,7.2,7.8,6.6,7.2,8,8,9,7,7,7,7,7,7,8,7,8,0,0,4.8,0,0,0,0.1,0,0,0.2,0.4,0.8,0.52,94.8,Placed,2026-01-31 18:00:00
231FA04125,CSE,2027,7.79,No,0,5,4,7.7,8.3,6.6,6.6,4.8,6.7,8.4,7.8,5.9,4.8,7,8.3,8,7,8,7,8,8,7,7,8,8,8,7,0.3,0,1.4,0.4,3.2,1.3,0,0,2.1,3.2,1,0,1.08,89.2,Placed,2026-02-01 00:00:00
231FA04126,CSE,2027,7.68,Yes,3,1,1,6,4.8,5.9,7,8.2,6.3,8,7.8,5.2,8.2,7,5.1,8,7,9,7,8,7,7,7,8,6,8,9,2,2.2,3.1,0,0,0.7,0,0,2.8,0,1,3.9,1.31,86.9,Placed,2026-02-01 06:00:00
231FA04127,CSE-DS,2027,6.63,Yes,2,4,1,9,6.6,4.4,5.9,5.6,5.9,6.2,6.5,6.4,6.7,7.5,5.9,8,7,9,6,9,6,7,8,8,6,8,8,0,0.4,4.6,0.1,3.4,0.1,0.8,1.5,1.6,0,0.5,2.1,1.26,87.4,Not Placed,2026-02-01 12:00:00
231FA04128,CSE-DS,2027,8.21,Yes,4,3,1,8.5,5.5,7.8,9,6.8,7.2,5.8,6.3,8.9,7.9,7.5,4.6,9,9,8,7,9,8,7,8,7,7,8,8,0.5,3.5,0.2,0,2.2,0.8,1.2,1.7,0,0,0.5,3.4,1.17,88.3,Placed,2026-02-01 18:00:00
231FA04129,CSE,2027,8.13,Yes,8,3,1,6.1,9.1,7.5,7.6,7.2,6.2,7.4,5.1,5,6,7.2,5,8,8,8,7,9,7,7,7,7,7,9,9,1.9,0,0.5,0,1.8,0.8,0,1.9,2,1,1.8,4,1.31,86.9,Not Placed,2026-02-02 00:00:00
231FA04130,CSE,2027,9.27,No,0,1,2,7,5.6,5.8,8.5,6.9,5.7,7.1,5,7.3,8.2,7.7,9.5,8,8,9,7,8,6,7,6,7,8,8,7,1,2.4,3.2,0,1.1,0.3,0,1,0,0,0.3,0,0.78,92.2,Placed,2026-02-02 06:00:00
231FA04131,CSE,2027,7.42,Yes,4,3,3,4.6,7.1,5.3,6.8,7,9.8,6.9,6.9,8.2,6.9,9.3,7.8,8,9,8,8,9,7,6,6,8,7,9,8,3.4,1.9,2.7,1.2,2,0,0,0,0,0.1,0,0.2,0.96,90.4,Placed,2026-02-02 12:00:00
231FA04132,CSE,2027,7.81,Yes,6,2,3,8,4.6,9.4,6.1,6.9,6.1,5.7,5.4,7.1,4.5,6.6,8.3,7,7,8,7,7,7,7,6,8,7,7,8,0,2.4,0,0.9,0.1,0.9,1.3,0.6,0.9,2.5,0.4,0,0.83,91.7,Placed,2026-02-02 18:00:00
231FA04133,CSE,2027,7.84,Yes,3,4,2,7.9,7.6,6,5.1,8.4,6.5,7,6.9,7.9,9.4,8.9,4.2,9,7,8,8,8,6,6,7,7,7,8,8,1.1,0,2,2.9,0,0,0,0.1,0,0,0,3.8,0.82,91.8,Not Placed,2026-02-03 00:00:00
231FA04134,CSE,2027,8.83,Yes,2,5,2,7,5.7,8.6,7.4,8.2,6.9,6.1,6.3,5.5,5.8,5.6,6.1,8,8,9,8,9,8,7,8,7,7,8,8,1,2.3,0.4,0.6,0.8,1.1,0.9,1.7,1.5,1.2,2.4,1.9,1.32,86.8,Placed,2026-02-03 06:00:00
231FA04135,CSE-DS,2027,7.58,Yes,8,7,1,6,7.8,7.8,7.8,8.8,7.2,6.4,10,8.5,7.5,7.4,7.7,7,8,8,7,9,6,7,7,7,8,8,8,1,0.2,0.2,0,0.2,0,0.6,0,0,0.5,0.6,0.3,0.3,97,Placed,2026-02-03 12:00:00
231FA04136,CSE,2027,7.86,Yes,6,4,3,6.9,7.4,7.8,6.3,5.1,4.6,8.3,5.2,7.8,5.7,5.8,6.3,7,8,8,7,7,7,8,7,6,8,8,9,0.1,0.6,0.2,0.7,1.9,2.4,0,1.8,0,2.3,2.2,2.7,1.24,87.6,Placed,2026-02-03 18:00:00
231FA04137,CSE,2027,8.11,No,0,3,1,7,5.2,6,6.7,5.2,8.5,4.6,6.5,8.4,5.1,6.6,6.9,9,8,9,8,8,7,8,7,7,7,9,7,2,2.8,3,1.3,2.8,0,3.4,0.5,0,1.9,2.4,0.1,1.68,83.2,Placed,2026-02-04 00:00:00
231FA04138,CSE-AIML,2027,7.79,Yes,2,3,1,5.9,6.8,7.6,6.3,7.9,7.4,6.2,8.3,6,8,6,6.5,8,9,8,7,8,8,6,7,7,7,7,7,2.1,2.2,0.4,0.7,0.1,0.6,0,0,1,0,1,0.5,0.72,92.8,Placed,2026-02-04 06:00:00
231FA04139,CSE,2027,7.32,Yes,8,3,2,6.7,7.3,3.9,7.5,6.8,7.2,7.5,7.4,4.4,5.6,7.3,7.1,8,7,8,6,7,8,8,7,7,8,7,8,1.3,0,4.1,0,0.2,0.8,0.5,0,2.6,2.4,0,0.9,1.07,89.3,Not Placed,2026-02-04 12:00:00
231FA04140,CSE-DS,2027,7.8,No,0,2,3,5.8,7.7,6.4,7.8,8.3,7.1,7.4,6,7.9,7,6.4,5.2,7,8,8,7,9,7,7,6,7,7,8,8,1.2,0.3,1.6,0,0.7,0,0,0,0,0,1.6,2.8,0.68,93.2,Placed,2026-02-04 18:00:00
231FA04141,CSE-DS,2027,8.46,Yes,5,2,2,6.4,5.6,7.9,8.5,8.1,10,6.4,7.7,5.5,6.7,5.1,7.7,8,9,9,7,8,7,6,7,7,8,9,8,1.6,3.4,1.1,0,0,0,0,0,1.5,1.3,3.9,0.3,1.09,89.1,Not Placed,2026-02-05 00:00:00
231FA04142,CSE,2027,6.88,No,0,3,2,6.2,4,5.7,8.8,7.1,7.6,6.8,6.4,6.6,6.9,5.2,7.5,8,9,8,7,9,8,8,8,7,7,9,7,1.8,5,2.3,0,1.9,0.4,1.2,1.6,0.4,0.1,3.8,0,1.54,84.6,Placed,2026-02-05 06:00:00
231FA04143,CSE,2027,7.75,Yes,10,5,3,8.7,7,6.6,6.4,9.5,6.7,8.1,7.1,7,6.3,6.1,8.2,9,7,8,7,7,7,8,8,7,8,8,8,0.3,0,1.4,0.6,0,0.3,0,0.9,0,1.7,1.9,0,0.59,94.1,Not Placed,2026-02-05 12:00:00
231FA04144,CSE,2027,7.12,No,0,2,1,5.2,7,6.6,7.4,5.7,7.8,6.3,9.7,4.4,9.5,6.3,6.7,8,9,8,6,7,7,7,7,8,8,8,8,2.8,2,1.4,0,1.3,0,0.7,0,3.6,0,1.7,1.3,1.23,87.7,Placed,2026-02-05 18:00:00
231FA04145,CSE,2027,8.55,Yes,6,2,2,6.3,5,6.3,6.6,7.2,8.4,7.2,7.3,7.5,4.8,4.9,5.1,9,8,8,7,8,7,7,7,7,6,8,9,2.7,3,1.7,0.4,0.8,0,0,0,0,1.2,3.1,3.9,1.4,86,Placed,2026-02-06 00:00:00
231FA04146,CSE,2027,6.51,No,0,3,2,6.1,4.2,5.7,4.8,7.1,7.1,6.1,4.1,6.2,6.9,7.5,8.7,7,8,8,7,7,6,6,8,7,8,8,8,0.9,3.8,2.3,2.2,0,0,0,3.9,0.8,1.1,0.5,0,1.29,87.1,Not Placed,2026-02-06 06:00:00
231FA04147,CSE-AIML,2027,7.23,No,0,3,4,8.2,7,6.5,5.9,8.5,7,7.6,6.1,5.3,6.3,6.4,7.1,8,8,7,6,8,7,7,7,7,7,9,8,0,1,0.5,0.1,0,0,0,0.9,1.7,0.7,2.6,0.9,0.7,93,Not Placed,2026-02-06 12:00:00
231FA04148,CSE,2027,7.93,Yes,5,2,2,6,6.9,8.4,4.8,4.2,8.4,5.1,6.4,7.6,6.8,6.8,7,8,8,9,8,7,7,7,7,7,7,9,8,2,1.1,0.6,3.2,2.8,0,1.9,0.6,0,0.2,2.2,1,1.3,87,Placed,2026-02-06 18:00:00
231FA04149,CSE,2027,8.82,No,0,1,3,10,9,6,8.1,7.5,6.8,5.7,7.4,6.4,6.3,5.9,8.1,8,9,8,7,8,7,8,7,7,7,8,9,0,0,2,0,0.5,0.2,2.3,0,0.6,0.7,2.1,0.9,0.78,92.2,Not Placed,2026-02-07 00:00:00
231FA04150,CSE,2027,7.6,Yes,4,4,5,6.3,6.3,8.3,7.1,7.2,8.6,8.9,4.6,7.1,5.5,6.8,7.3,9,8,8,7,8,8,6,8,6,8,8,8,2.7,1.7,0,0,0.8,0,0,3.4,0,2.5,1.2,0.7,1.08,89.2,Not Placed,2026-02-07 06:00:00
231FA04151,CSE-DS,2027,7.23,Yes,3,1,3,6.3,5.4,5.4,7.6,8.6,4.1,6.3,7.6,6.7,5.3,6.1,7.1,9,7,8,7,9,7,7,8,8,7,8,7,2.7,1.6,2.6,0,0.4,2.9,0.7,0.4,1.3,1.7,1.9,0,1.35,86.5,Not Placed,2026-02-07 12:00:00
231FA04152,CSE,2027,9.06,Yes,6,4,3,7,7.4,7.4,6.8,8.5,6.8,6.2,10,7.3,4.2,9,9,8,9,9,7,8,7,6,7,7,7,8,8,1,1.6,1.6,0.2,0,0.2,0,0,0,2.8,0,0,0.62,93.8,Placed,2026-02-07 18:00:00
231FA04153,CSE,2027,6.56,Yes,10,2,2,7.2,7.4,9.3,5.4,6.8,9.1,9.3,6.2,9.1,7.6,8.5,7.6,8,7,9,6,8,6,8,6,7,7,8,8,0.8,0,0,0.6,1.2,0,0,0,0,0,0,0.4,0.25,97.5,Placed,2026-02-08 00:00:00
231FA04154,CSE,2027,6,Yes,10,7,1,7.4,9.8,6.4,9.4,9.6,8.7,6.9,7.3,5.4,6.5,7.8,5.2,8,8,8,6,7,8,7,7,6,6,9,9,0.6,0,1.6,0,0,0,0.1,0,0.6,0,1.2,3.8,0.66,93.4,Not Placed,2026-02-08 06:00:00
231FA04155,CSE-DS,2027,7.98,Yes,4,3,4,6.8,9.6,7,8.5,7.9,6.8,7,7.4,4.6,8.4,7,8.4,8,8,8,7,8,6,7,6,8,6,8,9,1.2,0,1,0,0.1,0,0,0,3.4,0,1,0.6,0.61,93.9,Placed,2026-02-08 12:00:00
231FA04156,CSE,2027,7.27,Yes,5,3,1,7.3,6.6,7,7,8.6,6.9,7.2,5.2,6.7,8.6,7.3,5.4,8,8,7,7,7,8,7,7,8,8,8,9,0.7,1.4,0,0,0,1.1,0,1.8,1.3,0,0.7,3.6,0.88,91.2,Not Placed,2026-02-08 18:00:00
231FA04157,CSE-AIML,2027,6.88,No,0,3,4,5.5,5.8,8,7.9,2.4,6.7,6.9,5.6,6.3,8.4,7.3,6.1,8,8,8,6,9,7,7,8,6,8,8,9,2.5,2.2,0,0,6.6,0.3,0.1,2.4,0,0,0.7,2.9,1.47,85.3,Placed,2026-02-09 00:00:00
231FA04158,CSE-AIML,2027,8.18,No,0,5,1,6.8,6.7,7.4,5.2,6.2,8.3,6.9,6,6,7.9,6.4,7.7,8,8,7,7,9,6,8,6,7,7,8,9,1.2,1.3,0,1.8,2.8,0,1.1,0,1,0,1.6,1.3,1.01,89.9,Not Placed,2026-02-09 06:00:00
231FA04159,CSE,2027,7.83,Yes,12,2,4,6.2,5.6,7.3,6.9,7.9,8.1,6.6,7.5,6.5,7.8,7.3,6.2,8,9,8,7,8,7,7,7,7,7,8,8,1.8,3.4,0.7,0.1,0.1,0,0.4,0,0.5,0,0.7,1.8,0.79,92.1,Placed,2026-02-09 12:00:00
231FA04160,CSE-AIML,2027,7.23,Yes,6,3,2,6,7.2,8.3,8,5.7,5.8,6,6.1,4.6,7.9,6.3,7.4,8,9,9,7,9,7,8,6,7,8,7,8,2,1.8,0.7,0,3.3,1.2,2,0,2.4,0.1,0.7,0.6,1.23,87.7,Not Placed,2026-02-09 18:00:00
231FA04161,CSE,2027,6.69,Yes,8,5,0,6.4,6.8,6,6.8,5.7,6.8,8.7,7.5,7.2,5.2,7.5,7.7,8,8,8,7,9,7,6,8,7,8,8,8,1.6,1.2,2,0.2,3.3,0.2,0,0.5,0,2.8,0.5,0.3,1.05,89.5,Placed,2026-02-10 00:00:00
231FA04162,CSE-AIML,2027,8.3,Yes,6,2,3,7.4,7.3,6.9,7.9,8.8,7.5,5.8,5.9,7.9,5.8,7.3,6.6,7,9,7,7,7,8,7,7,7,6,8,7,0,1.7,0.1,0,0,0.5,1.2,1.1,0,0.2,0.7,0.4,0.49,95.1,Not Placed,2026-02-10 06:00:00
231FA04163,CSE-AIML,2027,8.14,Yes,6,4,3,5.9,8.3,8.1,5.6,7.8,7.7,8.3,7.5,9,7.1,6.9,6,7,8,8,7,8,7,7,6,7,6,8,8,1.1,0,0,1.4,0.2,0,0,0,0,0,1.1,2,0.48,95.2,Placed,2026-02-10 12:00:00
231FA04164,CSE,2027,7.58,Yes,2,5,1,5.9,5.8,7.4,6.8,7.5,5.6,6,6,9.8,6.9,7,7,9,7,8,7,8,7,7,7,7,6,8,9,3.1,1.2,0.6,0.2,0.5,1.4,1,1,0,0,1,2,1,90,Placed,2026-02-10 18:00:00
231FA04165,CSE,2027,9.03,Yes,5,2,4,9.2,5.2,7.2,5.2,4.3,6.3,7.8,6.3,7.8,7.4,7.1,8.8,7,8,7,6,8,6,8,7,6,8,8,8,0,2.8,0,0.8,3.7,0,0.2,0.7,0,0.6,0.9,0,0.81,91.9,Not Placed,2026-02-11 00:00:00
231FA04166,CSE-DS,2027,6.85,No,0,6,0,6,7.3,4.5,6.9,6.5,5.3,7.3,5.9,9,3.7,7.1,6.8,8,7,8,7,9,7,7,7,8,7,8,8,2,0,3.5,0.1,2.5,1.7,0,1.1,0,3.3,0.9,1.2,1.36,86.4,Not Placed,2026-02-11 06:00:00
231FA04167,CSE,2027,6.51,Yes,6,3,1,6.3,6,6.7,8,4.6,5.6,5.3,5.3,7.1,7.4,8,7.4,9,8,8,6,9,7,8,8,8,7,8,9,2.7,2,1.3,0,4.4,1.4,2.7,2.7,0.9,0,0,1.6,1.64,83.6,Placed,2026-02-11 12:00:00
231FA04168,CSE,2027,7.13,Yes,4,2,2,7.6,5,8.6,6.5,8,5,6.4,7.9,6.8,5.8,8.4,5.3,7,7,8,7,8,8,7,8,7,7,7,8,0,2,0,0.5,0,3,0.6,0.1,0.2,1.2,0,2.7,0.86,91.4,Not Placed,2026-02-11 18:00:00
231FA04169,CSE,2027,7.62,Yes,12,4,2,7,7.9,9.7,6.5,6.7,6.5,7.4,7.8,8.4,8,6.4,8.1,7,8,8,6,8,6,7,7,7,7,8,9,0,0.1,0,0,1.3,0,0,0,0,0,1.6,0.9,0.32,96.8,Not Placed,2026-02-12 00:00:00
231FA04170,CSE-AIML,2027,7.83,Yes,3,2,2,7,7.8,7.9,8.9,6.4,6.2,7.4,8.3,6.9,8.4,7.7,6.6,9,9,8,6,9,7,7,7,7,7,8,8,2,1.2,0.1,0,2.6,0.8,0,0,0.1,0,0.3,1.4,0.71,92.9,Placed,2026-02-12 06:00:00
231FA04171,CSE-AIML,2027,7.47,Yes,5,4,4,7.9,6.7,7.5,5.9,7.1,8.4,8.2,8,7.6,7.4,5.6,6.9,8,8,7,7,8,7,7,8,6,7,8,8,0.1,1.3,0,1.1,0.9,0,0,0,0,0,2.4,1.1,0.58,94.2,Placed,2026-02-12 12:00:00
231FA04172,CSE,2027,7.91,No,0,3,2,7,5.4,4.6,8.2,6.9,7.1,7.5,5.6,6.3,8.7,6.2,6.5,9,8,7,7,7,7,7,6,6,6,8,7,2,2.6,2.4,0,0.1,0,0,0.4,0,0,1.8,0.5,0.82,91.8,Placed,2026-02-12 18:00:00
231FA04173,CSE,2027,6.71,Yes,6,3,0,5.8,5.7,8,3.5,6,6.9,8.7,5.2,5,5.5,7.5,6.8,8,8,9,7,9,8,7,8,7,7,8,9,2.2,2.3,1,3.5,3,1.1,0,2.8,2,1.5,0.5,2.2,1.84,81.6,Not Placed,2026-02-13 00:00:00
231FA04174,CSE,2027,8.73,Yes,6,3,3,5.4,7.4,9.2,7.6,7.5,7.5,7.8,5.7,7,7,6.6,8.1,8,9,8,7,9,8,6,6,6,8,8,7,2.6,1.6,0,0,1.5,0.5,0,0.3,0,1,1.4,0,0.74,92.6,Not Placed,2026-02-13 06:00:00
231FA04175,CSE-AIML,2027,7.59,No,0,2,4,6,6.3,5.2,7.3,8,6.3,7.8,6.6,3.6,6.7,6.6,6.9,8,7,7,7,9,8,7,8,6,6,8,7,2,0.7,1.8,0,1,1.7,0,1.4,2.4,0,1.4,0.1,1.04,89.6,Placed,2026-02-13 12:00:00
231FA04176,CSE,2027,8.49,No,0,3,4,7.4,6.2,8.9,7,6.8,8,7.1,10,6.8,7.5,6.1,8.2,7,9,8,7,8,6,7,6,7,7,8,8,0,2.8,0,0,1.2,0,0,0,0.2,0,1.9,0,0.51,94.9,Not Placed,2026-02-13 18:00:00
231FA04177,CSE-AIML,2027,7.91,No,0,3,3,7.3,6.5,5.8,5.2,7.4,5.1,8.5,5.3,6.7,5.8,6.9,6.9,7,7,8,6,8,8,7,7,7,8,8,7,0,0.5,2.2,0.8,0.6,2.9,0,1.7,0.3,2.2,1.1,0.1,1.03,89.7,Not Placed,2026-02-14 00:00:00
231FA04178,CSE,2027,7.99,Yes,6,1,4,7.5,5,6,8.2,7.8,3.8,7.4,5.6,6.2,6.7,8.9,5.6,8,7,8,7,9,6,6,7,6,7,8,8,0.5,2,2,0,1.2,2.2,0,1.4,0,0.3,0,2.4,1,90,Placed,2026-02-14 06:00:00
231FA04179,CSE-DS,2027,8.08,No,0,2,3,5,7.4,6.8,8.3,6.4,8.3,6.8,7.5,8.8,6.6,8.1,6,9,7,7,7,9,7,8,7,8,7,8,8,4,0,0.2,0,2.6,0,1.2,0,0,0.4,0,2,0.87,91.3,Not Placed,2026-02-14 12:00:00
231FA04180,CSE,2027,7.99,Yes,6,2,3,7.3,5.2,6.3,5.7,8.5,9.2,6.5,6,5.3,7.3,6.2,6.3,8,7,7,7,7,7,6,6,8,7,8,8,0.7,1.8,0.7,1.3,0,0,0,0,2.7,0,1.8,1.7,0.89,91.1,Not Placed,2026-02-14 18:00:00
231FA04181,CSE,2027,8.13,Yes,5,1,2,8.8,6.4,7.5,6.9,5.1,4.5,7.4,8.9,7.2,7.6,5.7,8.1,7,8,9,7,7,7,6,7,8,7,8,8,0,1.6,1.5,0.1,1.9,2.5,0,0,0.8,0,2.3,0,0.89,91.1,Placed,2026-02-15 00:00:00
231FA04182,CSE,2027,8.65,Yes,6,2,2,8.3,6.2,7.7,4.8,7.9,6.3,5.5,7.5,4.8,7.5,5.6,5.3,8,7,9,7,8,6,8,7,7,7,8,9,0,0.8,1.3,2.2,0.1,0,2.5,0,2.2,0,2.4,3.7,1.27,87.3,Not Placed,2026-02-15 06:00:00
231FA04183,CSE-DS,2027,7.8,Yes,8,3,2,7.1,6.8,8.8,5.4,8.7,5.6,8.1,8.4,7.4,6,5.1,4.5,8,8,9,7,8,7,7,6,8,8,8,8,0.9,1.2,0.2,1.6,0,1.4,0,0,0.6,2,2.9,3.5,1.19,88.1,Not Placed,2026-02-15 12:00:00
231FA04184,CSE-DS,2027,8.18,Yes,3,4,4,9.7,7,6,5.9,7.5,6.8,4.9,8.4,7.8,9.6,8.8,3.5,8,8,7,6,8,8,7,8,7,7,8,8,0,1,1,0.1,0.5,1.2,2.1,0,0,0,0,4.5,0.87,91.3,Placed,2026-02-15 18:00:00
231FA04185,CSE,2027,7.58,Yes,2,4,1,8.7,8.5,6.1,6.4,7.5,5.7,6.7,8.2,7.6,6.1,8.3,7.4,7,8,8,7,8,7,8,8,6,7,9,8,0,0,1.9,0.6,0.5,1.3,1.3,0,0,0.9,0.7,0.6,0.65,93.5,Not Placed,2026-02-16 00:00:00
231FA04186,CSE-AIML,2027,8.73,No,0,3,3,7.4,6.4,7,6.1,4.6,6.7,6.9,7.2,8.6,6.2,6.6,8,9,7,8,7,7,6,8,7,7,7,8,8,1.6,0.6,1,0.9,2.4,0,1.1,0,0,0.8,1.4,0,0.82,91.8,Placed,2026-02-16 06:00:00
231FA04187,CSE-DS,2027,7.14,No,0,5,1,5.9,7,6.3,6.5,7.8,6.3,7.8,4.4,5,3.9,5.4,9.1,8,8,8,7,8,8,6,7,8,6,8,8,2.1,1,1.7,0.5,0.2,1.7,0,2.6,3,2.1,2.6,0,1.46,85.4,Placed,2026-02-16 12:00:00
231FA04188,CSE-AIML,2027,9,No,0,3,3,7.1,6.2,8.1,8.3,5.6,10,7.4,7.6,7.7,7.7,6.3,9.7,8,9,8,6,7,7,8,6,7,7,8,8,0.9,2.8,0,0,1.4,0,0.6,0,0,0,1.7,0,0.62,93.8,Not Placed,2026-02-16 18:00:00
231FA04189,CSE,2027,7.62,Yes,8,3,3,6.7,8.2,6.4,6.2,9.4,6.9,7,7.4,10,9.7,8.6,10,9,8,8,7,7,7,7,8,7,6,9,8,2.3,0,1.6,0.8,0,0.1,0,0.6,0,0,0.4,0,0.48,95.2,Not Placed,2026-02-17 00:00:00
231FA04190,CSE,2027,6.58,No,0,6,3,5.8,7.8,7.1,4.8,7.6,6.4,8.9,6.5,6.4,8.9,6.9,8.4,8,9,7,8,8,7,7,7,7,8,8,8,2.2,1.2,0,3.2,0.4,0.6,0,0.5,0.6,0,1.1,0,0.82,91.8,Not Placed,2026-02-17 06:00:00
231FA04191,CSE,2027,7.75,Yes,12,5,1,7.7,7.7,6.8,7.8,7,6.1,7,8.7,7.8,8.1,7.1,4.7,9,8,8,6,7,6,6,7,7,7,9,9,1.3,0.3,1.2,0,0,0,0,0,0,0,1.9,4.3,0.75,92.5,Placed,2026-02-17 12:00:00
231FA04192,CSE-DS,2027,7.14,No,0,5,8,5.8,7,5.9,6.7,6.7,6.7,9.2,7.3,8.5,7.6,9.1,8.6,8,8,7,7,8,7,7,7,7,6,7,8,2.2,1,1.1,0.3,1.3,0.3,0,0,0,0,0,0,0.52,94.8,Not Placed,2026-02-17 18:00:00
231FA04193,CSE-DS,2027,8.28,Yes,5,7,4,7,10,7.1,8,8.2,8.3,8.7,6.8,8.6,8.4,7.7,7.5,8,7,8,6,8,7,7,7,6,7,8,8,1,0,0.9,0,0,0,0,0.2,0,0,0.3,0.5,0.24,97.6,Placed,2026-02-18 00:00:00
231FA04194,CSE-AIML,2027,7.16,No,0,5,0,5.7,7.3,5.9,7,6.6,5.1,5.6,7.2,6.1,6,5.8,5.8,8,8,8,8,7,8,7,7,7,6,8,9,2.3,0.7,2.1,1,0.4,2.9,1.4,0,0.9,0,2.2,3.2,1.42,85.8,Placed,2026-02-18 06:00:00
231FA04195,CSE,2027,7.32,Yes,3,4,2,9.1,5.6,8.8,6.6,6.2,7.5,7.1,6.8,7.3,7.1,6.7,8.2,7,7,8,8,7,7,7,7,7,7,8,9,0,1.4,0,1.4,0.8,0,0,0.2,0,0,1.3,0.8,0.49,95.1,Not Placed,2026-02-18 12:00:00
231FA04196,CSE,2027,6.23,No,0,2,3,4.6,5.3,5.4,5.1,6.5,7.1,4,5.8,6,6.1,4.8,6,8,8,7,6,8,6,7,7,7,8,9,9,3.4,2.7,1.6,0.9,1.5,0,3,1.2,1,1.9,4.2,3,2.03,79.7,Not Placed,2026-02-18 18:00:00
231FA04197,CSE-AIML,2027,7.31,No,0,3,1,5.5,6.2,4.5,6.2,5.7,6.3,7,6.5,7.6,6.2,7.4,8,9,8,8,7,7,7,6,7,7,6,8,8,3.5,1.8,3.5,0.8,1.3,0.7,0,0.5,0,0,0.6,0,1.06,89.4,Placed,2026-02-19 00:00:00
231FA04198,CSE-DS,2027,5.83,Yes,10,7,3,7.5,7.1,7.7,7.5,8.4,8.1,8.2,7.2,7.6,7.5,5.6,8.5,7,8,8,7,7,8,7,8,7,6,9,8,0,0.9,0.3,0,0,0,0,0.8,0,0,3.4,0,0.45,95.5,Placed,2026-02-19 06:00:00
231FA04199,CSE-DS,2027,6.46,Yes,6,3,2,4.6,7.6,7,6.4,7.2,7.2,5.1,8.5,6.8,9.6,7.7,6.8,7,9,8,8,7,7,7,7,6,7,9,9,2.4,1.4,1,1.6,0,0,1.9,0,0,0,1.3,2.2,0.98,90.2,Placed,2026-02-19 12:00:00
231FA04200,CSE-AIML,2027,8.22,No,0,2,0,5.7,6.4,6.8,8.4,8.1,7.1,8.8,4.1,7.2,8.2,7.3,4.9,8,9,8,7,8,7,7,7,7,7,8,9,2.3,2.6,1.2,0,0,0,0,2.9,0,0,0.7,4.1,1.15,88.5,Not Placed,2026-02-19 18:00:00
231FA04201,CSE-AIML,2027,8.24,Yes,4,1,1,8.5,7.7,7.2,6.9,9.2,7.3,6.4,5.7,7.7,8,6.8,6.1,9,8,8,7,8,7,7,6,8,7,8,8,0.5,0.3,0.8,0.1,0,0,0.6,0.3,0.3,0,1.2,1.9,0.5,95,Placed,2026-02-20 00:00:00
231FA04202,CSE,2027,7.97,No,0,1,2,8.2,5.5,9,5.7,5,5.1,5.2,6.3,6,7.9,7.7,6.3,9,7,8,7,8,6,7,7,7,8,8,8,0.8,1.5,0,1.3,3,0.9,1.8,0.7,1,0.1,0.3,1.7,1.09,89.1,Not Placed,2026-02-20 06:00:00
231FA04203,CSE,2027,6.92,Yes,2,5,1,10,6.7,6.8,5.4,6.9,7.3,5.5,6.3,7.4,6.3,6,7.9,8,9,9,7,7,7,7,7,6,8,8,8,0,2.3,2.2,1.6,0.1,0,1.5,0.7,0,1.7,2,0.1,1.02,89.8,Placed,2026-02-20 12:00:00
231FA04204,CSE-DS,2027,7.61,Yes,5,3,1,5.3,5.5,7.1,7.9,7.2,6.6,6.5,8.1,7.9,6.9,6.5,6.9,8,8,8,7,9,7,8,8,7,7,9,8,2.7,2.5,0.9,0,1.8,0.4,1.5,0,0,0.1,2.5,1.1,1.12,88.8,Placed,2026-02-20 18:00:00
231FA04205,CSE-AIML,2027,7.65,Yes,3,6,4,6.6,7.3,6.9,7.3,6.9,8.1,8.5,7,6.5,8.4,7.7,7,8,7,8,7,7,7,7,7,6,7,8,8,1.4,0,1.1,0,0.1,0,0,0,0,0,0.3,1,0.32,96.8,Placed,2026-02-21 00:00:00
231FA04206,CSE,2027,6.78,Yes,6,1,2,8.3,5.8,4,5.7,8.6,6.1,5.9,6.6,7.8,6.4,7.3,6.3,9,7,8,7,8,7,8,8,7,7,8,9,0.7,1.2,4,1.3,0,0.9,2.1,1.4,0,0.6,0.7,2.7,1.3,87,Placed,2026-02-21 06:00:00
231FA04207,CSE,2027,8.78,No,0,3,2,7.7,7.2,6.5,7.3,6.3,5.3,7,5.4,7.7,6.9,8.8,6.6,8,7,8,7,8,7,8,6,7,7,7,8,0.3,0,1.5,0,1.7,1.7,1,0.6,0,0.1,0,1.4,0.69,93.1,Placed,2026-02-21 12:00:00
231FA04208,CSE-AIML,2027,8.31,Yes,10,5,2,7.3,5.5,5.9,5.2,8.7,6.7,9,4,9.3,7.2,7.7,6,9,8,9,8,8,8,7,7,7,7,8,8,1.7,2.5,3.1,2.8,0,1.3,0,3,0,0,0.3,2,1.39,86.1,Placed,2026-02-21 18:00:00
231FA04209,CSE,2027,7.48,Yes,6,3,2,7.6,6.4,5.4,5.4,5.4,7.4,6.1,4.9,7.4,4.2,8.6,9.4,7,7,9,7,9,7,6,7,7,7,8,8,0,0.6,3.6,1.6,3.6,0,0,2.1,0,2.8,0,0,1.19,88.1,Not Placed,2026-02-22 00:00:00
231FA04210,CSE,2027,7.67,Yes,3,4,1,5.4,8.3,7.4,6.4,6.4,7.8,6.9,3.8,9.6,7.5,6.9,6.1,8,8,8,8,8,7,7,7,6,8,8,8,2.6,0,0.6,1.6,1.6,0,0.1,3.2,0,0.5,1.1,1.9,1.1,89,Placed,2026-02-22 06:00:00
231FA04211,CSE,2027,7.81,Yes,10,3,3,6.8,8.6,7.4,7.5,5.5,6.6,7.1,7.9,6.5,8.2,5.6,7.1,8,7,8,6,8,7,7,7,8,7,8,8,1.2,0,0.6,0,2.5,0.4,0,0,1.5,0,2.4,0.9,0.79,92.1,Not Placed,2026-02-22 12:00:00
231FA04212,CSE-AIML,2027,6.12,No,0,3,3,6.4,4.6,6.5,5.8,8.3,6,7,5,6.8,6,5.6,10,9,7,8,6,7,7,6,7,7,7,7,7,2.6,2.4,1.5,0.2,0,1,0,2,0.2,1,1.4,0,1.02,89.8,Not Placed,2026-02-22 18:00:00
231FA04213,CSE-AIML,2027,7.46,No,0,1,5,6.3,6.4,7.8,5.8,7.2,7.3,7,9.6,5.7,8.6,7.3,7.8,9,8,7,8,8,7,7,7,7,8,9,8,2.7,1.6,0,2.2,0.8,0,0,0,1.3,0,1.7,0.2,0.88,91.2,Placed,2026-02-23 00:00:00
231FA04214,CSE,2027,7.14,Yes,6,5,2,7.5,9.4,6.7,7.7,8.7,6.4,8.3,7.1,5.5,5.3,7,8.3,8,8,8,7,8,6,7,7,6,7,8,7,0.5,0,1.3,0,0,0,0,0,0.5,1.7,1,0,0.42,95.8,Placed,2026-02-23 06:00:00
231FA04215,CSE-AIML,2027,6.9,No,0,6,0,4.2,7.1,7.9,5.2,6,7.5,7.9,8.8,6.1,5.8,8.9,5.9,8,7,8,7,8,7,7,8,7,7,9,8,3.8,0,0.1,1.8,2,0,0,0,0.9,1.2,0.1,2.1,1,90,Not Placed,2026-02-23 12:00:00
231FA04216,CSE,2027,7.44,No,0,3,1,7.3,9.4,7.6,7.6,8.2,7.3,7.6,6.2,8.1,7.1,4.8,6.9,8,8,8,7,8,7,6,6,8,8,8,9,0.7,0,0.4,0,0,0,0,0,0,0.9,3.2,2.1,0.61,93.9,Not Placed,2026-02-23 18:00:00
231FA04217,CSE,2027,9,Yes,12,4,1,4.5,8.2,7,9.6,7.9,8.4,5.9,8.1,6.5,8.6,5.9,7.4,9,9,7,8,8,7,7,7,7,8,8,7,4.5,0.8,0,0,0.1,0,1.1,0,0.5,0,2.1,0,0.76,92.4,Placed,2026-02-24 00:00:00
231FA04218,CSE-AIML,2027,8.13,No,0,7,2,5.9,7.5,9.9,8.2,7.3,4.2,6.7,7.9,6.7,9.1,7.4,8.7,8,8,7,6,8,7,6,7,8,7,8,7,2.1,0.5,0,0,0.7,2.8,0,0,1.3,0,0.6,0,0.67,93.3,Placed,2026-02-24 06:00:00
231FA04219,CSE-AIML,2027,7.22,Yes,10,3,3,7.2,6.6,6.4,5.7,8.3,6.4,7.6,6.3,5.6,7.6,6,6.4,7,8,8,8,7,7,8,7,7,8,9,8,0,1.4,1.6,2.3,0,0.6,0.4,0.7,1.4,0.4,3,1.6,1.12,88.8,Placed,2026-02-24 12:00:00
231FA04220,CSE-DS,2027,8.08,Yes,6,4,5,5.8,6.8,7.4,7,8.4,7.6,10,7.9,5.2,7.1,7.2,6.6,7,9,8,8,8,7,7,7,6,7,8,8,1.2,2.2,0.6,1,0,0,0,0,0.8,0,0.8,1.4,0.67,93.3,Not Placed,2026-02-24 18:00:00
231FA04221,CSE-AIML,2027,8.7,No,0,4,2,7.2,6.3,7.5,4.7,8.5,5.1,6.8,6.2,7.5,6.9,7.4,8.5,8,8,8,7,7,7,7,8,7,7,8,8,0.8,1.7,0.5,2.3,0,1.9,0.2,1.8,0,0.1,0.6,0,0.82,91.8,Not Placed,2026-02-25 00:00:00
231FA04222,CSE-AIML,2027,8.34,Yes,5,2,2,7.9,7,7.5,9.4,8,6.6,8.6,7.5,5.8,6.7,5.1,4.1,7,8,7,7,9,7,7,7,6,8,8,9,0,1,0,0,1,0.4,0,0,0.2,1.3,2.9,4.9,0.98,90.2,Placed,2026-02-25 06:00:00
231FA04223,CSE,2027,7.69,No,0,3,5,5.8,7.2,7.2,5.2,4,8.8,7.1,8.9,8.9,7.9,7.1,6.5,8,8,8,6,8,7,7,7,7,6,8,8,2.2,0.8,0.8,0.8,4,0,0,0,0,0,0.9,1.5,0.92,90.8,Placed,2026-02-25 12:00:00
231FA04224,CSE,2027,7.16,No,0,6,2,7.9,6.8,6.3,4.4,6.9,8.4,8.6,7.1,5.9,8.1,7,6.6,8,8,7,7,8,6,7,8,7,7,8,8,0.1,1.2,0.7,2.6,1.1,0,0,0.9,1.1,0,1,1.4,0.84,91.6,Placed,2026-02-25 18:00:00
231FA04225,CSE,2027,8.17,Yes,4,2,2,5.1,9.6,7.9,8,5.9,7,6.8,7.9,8.6,5.1,5.6,7.7,8,7,8,6,9,7,7,7,6,6,8,9,2.9,0,0.1,0,3.1,0,0.2,0,0,0.9,2.4,1.3,0.91,90.9,Not Placed,2026-02-26 00:00:00
231FA04226,CSE,2027,7.95,No,0,4,1,6.2,7.9,6.4,5.3,4.7,7.5,7.5,8.1,7.3,2.3,7.5,5,7,7,8,6,8,7,8,7,8,7,8,9,0.8,0,1.6,0.7,3.3,0,0.5,0,0.7,4.7,0.5,4,1.4,86,Placed,2026-02-26 06:00:00
231FA04227,CSE-DS,2027,8.32,Yes,12,4,3,4.9,4.8,4.7,7.6,6.4,5.4,7.3,5.9,8.5,9.1,7,9,8,8,8,7,8,6,7,7,6,8,8,7,3.1,3.2,3.3,0,1.6,0.6,0,1.1,0,0,1,0,1.16,88.4,Not Placed,2026-02-26 12:00:00
231FA04228,CSE,2027,8.13,Yes,8,4,4,9,7.4,9.5,6.5,4.9,5.4,6.5,8,5.9,6.5,5.8,6.5,8,7,9,7,8,7,7,7,7,7,8,8,0,0,0,0.5,3.1,1.6,0.5,0,1.1,0.5,2.2,1.5,0.92,90.8,Placed,2026-02-26 18:00:00
231FA04229,CSE-DS,2027,8.44,No,0,3,5,8.8,7.6,6.4,8.7,7.2,7.3,8.6,6.7,8.3,8.2,7,5.4,8,8,8,7,8,7,7,7,7,7,8,7,0,0.4,1.6,0,0.8,0,0,0.3,0,0,1,1.6,0.47,95.3,Not Placed,2026-02-27 00:00:00
231FA04230,CSE-AIML,2027,7.25,No,0,3,1,6.6,8,7.6,8.7,6,7.6,5.3,6.8,8,7.7,6.7,6.3,7,8,8,7,9,7,8,7,7,6,9,7,0.4,0,0.4,0,3,0,2.7,0.2,0,0,2.3,0.7,0.81,91.9,Placed,2026-02-27 06:00:00
231FA04231,CSE-AIML,2027,8.64,Yes,3,3,1,5.8,6.8,5.4,6.6,4.8,5.4,8.1,8,6.7,7.1,7.3,7.6,8,7,9,7,9,7,7,8,8,6,8,8,2.2,0.2,3.6,0.4,4.2,1.6,0,0,1.3,0,0.7,0.4,1.22,87.8,Not Placed,2026-02-27 12:00:00
231FA04232,CSE,2027,7.8,Yes,4,1,5,7.4,5.3,3.9,5.7,6.8,8.2,7.3,7.6,5.9,6.9,7.1,6,9,8,8,7,9,7,7,8,6,6,7,8,1.6,2.7,4.1,1.3,2.2,0,0,0.4,0.1,0,0,2,1.2,88,Placed,2026-02-27 18:00:00
231FA04233,CSE-AIML,2027,9.21,No,0,2,3,5.7,6.7,7.8,5.9,6.8,8.7,6.4,7,6.9,6.8,9.1,7.4,8,8,8,7,8,7,8,7,7,7,8,8,2.3,1.3,0.2,1.1,1.2,0,1.6,0,0.1,0.2,0,0.6,0.72,92.8,Not Placed,2026-02-28 00:00:00
231FA04234,CSE,2027,7.13,No,0,1,2,4.4,8.3,6.7,5.9,8.1,5.4,8.6,6.5,7.7,9.9,6.6,6.3,9,8,9,6,7,7,7,7,6,7,8,9,4.6,0,2.3,0.1,0,1.6,0,0.5,0,0,1.4,2.7,1.1,89,Placed,2026-02-28 06:00:00
231FA04235,CSE,2027,8.95,No,0,1,5,5.7,6.9,5.7,6.8,10,7.2,6.3,6.7,6.5,8.3,6.9,9,8,8,9,8,7,8,7,6,7,8,9,8,2.3,1.1,3.3,1.2,0,0.8,0.7,0,0.5,0,2.1,0,1,90,Placed,2026-02-28 12:00:00
231FA04236,CSE-AIML,2027,7.8,Yes,5,3,3,6.7,6.7,5.9,6.6,4.9,4.4,7.8,4.9,7.6,6.4,8.2,4.9,9,8,8,7,8,7,7,7,8,7,7,9,2.3,1.3,2.1,0.4,3.1,2.6,0,2.1,0.4,0.6,0,4.1,1.58,84.2,Placed,2026-02-28 18:00:00
231FA04237,CSE,2027,7.16,Yes,4,4,2,7.7,7.4,7.4,8.4,7.1,3.9,7.5,7.4,6.7,5.9,6.5,8.8,8,8,8,8,8,7,8,7,8,8,8,7,0.3,0.6,0.6,0,0.9,3.1,0.5,0,1.3,2.1,1.5,0,0.91,90.9,Placed,2026-03-01 00:00:00
231FA04238,CSE,2027,7.29,Yes,3,1,3,5.6,4.5,4.9,6.7,8.8,9.5,7.5,5.5,5.6,7.8,8.4,5.9,7,8,9,6,8,7,7,7,7,8,8,8,1.4,3.5,4.1,0,0,0,0,1.5,1.4,0.2,0,2.1,1.18,88.2,Placed,2026-03-01 06:00:00
231FA04239,CSE-AIML,2027,7.41,No,0,4,0,8.4,6.4,7.6,8.1,4.8,7.2,8.4,6,5.3,7.3,6.8,6.3,8,7,8,7,7,6,6,7,8,6,8,8,0,0.6,0.4,0,2.2,0,0,1,2.7,0,1.2,1.7,0.82,91.8,Not Placed,2026-03-01 12:00:00
231FA04240,CSE,2027,7.97,Yes,3,2,3,7,4.9,7.5,9,6.1,5.9,7.2,10,8.3,6.9,7,8.5,8,8,8,7,8,7,7,7,7,7,8,8,1,3.1,0.5,0,1.9,1.1,0,0,0,0.1,1,0,0.72,92.8,Placed,2026-03-01 18:00:00
231FA04241,CSE-DS,2027,8.04,Yes,12,2,7,6.2,8.1,5.9,8.5,6.9,7.6,6.9,8.2,7.1,10,9.1,5.7,8,8,8,7,9,6,7,8,6,6,8,9,1.8,0,2.1,0,2.1,0,0.1,0,0,0,0,3.3,0.78,92.2,Placed,2026-03-02 00:00:00
231FA04242,CSE-DS,2027,7.22,No,0,7,2,7.4,8.1,6.6,8.7,8.5,7,8.4,4.1,8.8,8.3,5.8,7.5,8,8,7,7,8,7,7,7,7,7,7,8,0.6,0,0.4,0,0,0,0,2.9,0,0,1.2,0.5,0.47,95.3,Placed,2026-03-02 06:00:00
231FA04243,CSE-DS,2027,7.63,Yes,12,5,1,4.6,6.2,8.5,7.1,7,7.2,7,8.3,6.3,7.6,5.7,8,8,8,8,7,8,7,8,7,7,7,9,8,3.4,1.8,0,0,1,0,1,0,0.7,0,3.3,0,0.93,90.7,Placed,2026-03-02 12:00:00
231FA04244,CSE,2027,9.26,No,0,3,1,6.6,6.9,6.5,6.7,5.7,7.4,7.7,5.3,6.2,7,6.2,6.7,9,8,8,6,8,6,8,7,7,7,9,9,2.4,1.1,1.5,0,2.3,0,0.3,1.7,0.8,0,2.8,2.3,1.27,87.3,Placed,2026-03-02 18:00:00
231FA04245,CSE,2027,8.95,No,0,5,2,9.3,6,4.4,6.5,6.8,6.6,7.6,6,5.8,6.4,6.4,9.9,7,8,7,7,8,8,7,6,6,7,8,8,0,2,2.6,0.5,1.2,1.4,0,0,0.2,0.6,1.6,0,0.84,91.6,Placed,2026-03-03 00:00:00
231FA04246,CSE-DS,2027,7.98,No,0,5,0,8.8,4.8,4.5,6.8,9.3,7.7,6.9,6.3,8.2,7.1,9.1,4.8,9,8,8,7,9,7,8,6,8,7,9,8,0.2,3.2,3.5,0.2,0,0,1.1,0,0,0,0,3.2,0.95,90.5,Placed,2026-03-03 06:00:00
231FA04247,CSE,2027,7.68,Yes,4,1,3,7.3,6.1,7.3,7.1,7.4,8,8.5,9.2,6.8,6.1,5.3,7.3,7,8,8,7,8,8,7,8,7,7,9,8,0,1.9,0.7,0,0.6,0,0,0,0.2,0.9,3.7,0.7,0.72,92.8,Placed,2026-03-03 12:00:00
231FA04248,CSE-DS,2027,7.74,Yes,4,4,4,8.3,5.6,8.7,7.1,5.7,6.2,6.1,6.1,8,8.3,9.4,6.4,9,9,8,8,8,8,7,7,7,7,8,7,0.7,3.4,0,0.9,2.3,1.8,0.9,0.9,0,0,0,0.6,0.96,90.4,Not Placed,2026-03-03 18:00:00
231FA04249,CSE-DS,2027,8.11,No,0,4,2,7.4,6.2,7,5.1,5.6,8,5.1,7.7,6.1,4.6,3.8,8.8,8,8,8,7,8,8,7,7,6,7,7,7,0.6,1.8,1,1.9,2.4,0,1.9,0,0,2.4,3.2,0,1.27,87.3,Placed,2026-03-04 00:00:00
231FA04250,CSE-DS,2027,6.88,No,0,7,4,4.9,7.2,7.7,5.6,6.5,7.8,7.6,6.7,7.5,7.1,6,8.7,8,8,8,7,8,8,7,6,7,8,8,8,3.1,0.8,0.3,1.4,1.5,0.2,0,0,0,0.9,2,0,0.85,91.5,Not Placed,2026-03-04 06:00:00
231FA04251,CSE,2027,7.46,No,0,2,3,6.9,4.4,7.3,5.9,6.3,6.7,5.7,8.9,4.8,6.7,7.1,6.7,8,9,9,7,8,7,7,7,7,7,8,8,1.1,4.6,1.7,1.1,1.7,0.3,1.3,0,2.2,0.3,0.9,1.3,1.38,86.2,Placed,2026-03-04 12:00:00
231FA04252,CSE,2027,6.4,Yes,4,5,3,6.8,6.5,6,6,8.5,6.5,9.7,7.9,3.7,8.1,7,5.3,8,9,8,6,8,7,7,6,7,8,8,8,1.2,2.5,2,0,0,0.5,0,0,3.3,0,1,2.7,1.1,89,Not Placed,2026-03-04 18:00:00
231FA04253,CSE-DS,2027,7.95,No,0,3,2,8.4,6.3,6.2,7.3,8.2,7,6.9,5.9,8.2,7,6.5,6.4,9,8,8,7,7,6,8,7,7,6,8,8,0.6,1.7,1.8,0,0,0,1.1,1.1,0,0,1.5,1.6,0.78,92.2,Placed,2026-03-05 00:00:00
231FA04254,CSE,2027,8.14,No,0,3,5,8.4,6.8,8.4,6.5,8,7.3,5.9,7,4.3,6.2,5.1,9.6,8,8,8,6,8,8,7,6,6,6,8,8,0,1.2,0,0,0,0.7,1.1,0,1.7,0,2.9,0,0.63,93.7,Not Placed,2026-03-05 06:00:00
231FA04255,CSE,2027,7.29,No,0,3,3,4.8,10,7.4,6.1,7.8,6,5,6.9,7.6,8.4,7.4,6.1,9,7,7,7,8,8,8,7,6,6,8,8,4.2,0,0,0.9,0.2,2,3,0.1,0,0,0.6,1.9,1.08,89.2,Not Placed,2026-03-05 12:00:00
231FA04256,CSE-AIML,2027,8.83,No,0,3,0,8.6,8.3,7.2,8.3,9.6,6.1,5.7,6.1,5.1,7.6,4.8,8.4,8,8,7,7,7,6,7,6,6,6,8,8,0,0,0,0,0,0,1.3,0,0.9,0,3.2,0,0.45,95.5,Placed,2026-03-05 18:00:00
231FA04257,CSE-DS,2027,6.73,No,0,3,2,5.7,8.3,3.4,6.1,4.9,8.3,8.7,3.6,7.6,7.9,7,7.3,8,8,8,8,9,6,7,6,7,6,8,8,2.3,0,4.6,1.9,4.1,0,0,2.4,0,0,1,0.7,1.42,85.8,Placed,2026-03-06 00:00:00
231FA04258,CSE-AIML,2027,6.55,Yes,4,2,2,7.3,7.7,5.2,8.1,6.9,6.8,7.3,5,4.7,6.5,8.5,5.1,8,8,8,6,8,7,7,8,8,7,9,7,0.7,0.3,2.8,0,1.1,0.2,0,3,3.3,0.5,0.5,1.9,1.19,88.1,Not Placed,2026-03-06 06:00:00
231FA04259,CSE-AIML,2027,7.82,Yes,10,1,3,7,5.9,5.8,7.4,7.8,5.8,8.6,7.4,6.5,7.3,9.4,7.8,8,8,8,7,8,7,7,7,6,8,9,9,1,2.1,2.2,0,0.2,1.2,0,0,0,0.7,0,1.2,0.72,92.8,Placed,2026-03-06 12:00:00
231FA04260,CSE,2027,8.44,Yes,3,4,3,6.4,7.3,7.5,8.1,7.6,9.7,7,5.1,7.6,6.8,5.4,6.4,8,9,8,7,8,7,7,7,7,8,7,8,1.6,1.7,0.5,0,0.4,0,0,1.9,0,1.2,1.6,1.6,0.88,91.2,Placed,2026-03-06 18:00:00
231FA04261,CSE-AIML,2027,8.91,Yes,3,5,3,7.1,8.9,5.7,8,10,7.3,7.3,8.4,8.2,9.3,7.3,8.4,8,8,8,7,8,7,7,7,7,7,8,8,0.9,0,2.3,0,0,0,0,0,0,0,0.7,0,0.32,96.8,Not Placed,2026-03-07 00:00:00
231FA04262,CSE-DS,2027,7.31,Yes,5,7,4,8.4,7.1,7.4,7.5,6,7,9.4,8.8,6.8,7.5,8.7,8.1,8,8,7,7,9,7,6,8,7,6,8,7,0,0.9,0,0,3,0,0,0,0.2,0,0,0,0.34,96.6,Placed,2026-03-07 06:00:00
231FA04263,CSE,2027,8.46,Yes,4,5,1,8.3,7.9,7.5,7.1,5.8,8.1,7,5.2,6.6,8.3,4.9,6,8,7,8,6,7,7,7,7,8,7,8,9,0,0,0.5,0,1.2,0,0,1.8,1.4,0,3.1,3,0.92,90.8,Placed,2026-03-07 12:00:00
231FA04264,CSE,2027,7.62,Yes,5,3,3,7.2,8.8,8.3,8.9,7.3,6.8,8.1,5.9,5.8,5.6,8.4,6,7,7,8,7,9,7,7,7,7,7,9,8,0,0,0,0,1.7,0.2,0,1.1,1.2,1.4,0.6,2,0.68,93.2,Not Placed,2026-03-07 18:00:00
231FA04265,CSE-DS,2027,7.52,Yes,8,3,2,8.2,7.1,8.3,5.5,6.1,7.5,6.4,3.8,5.2,5.5,5.6,7.8,7,8,9,6,7,6,7,7,8,7,8,8,0,0.9,0.7,0.5,0.9,0,0.6,3.2,2.8,1.5,2.4,0.2,1.14,88.6,Not Placed,2026-03-08 00:00:00
231FA04266,CSE-AIML,2027,8.31,Yes,3,7,2,8,7.8,10,9,8.6,5.7,7.6,7.9,7,9.7,7.6,6,8,8,8,6,8,7,7,7,7,7,9,9,0,0.2,0,0,0,1.3,0,0,0,0,1.4,3,0.49,95.1,Placed,2026-03-08 06:00:00
231FA04267,CSE-AIML,2027,8.14,No,0,4,3,5.8,9.9,6.5,4.4,6.3,4.8,8.2,4.6,5.3,7.1,8.4,7,8,8,9,7,9,6,7,7,7,7,7,9,2.2,0,2.5,2.6,2.7,1.2,0,2.4,1.7,0,0,2,1.44,85.6,Not Placed,2026-03-08 12:00:00
231FA04268,CSE-AIML,2027,6.47,No,0,4,2,5.1,6.9,6,8,7.7,6,7.6,7,8.3,7.6,7.3,8.3,9,7,7,6,8,8,8,7,8,7,8,8,3.9,0.1,1,0,0.3,2,0.4,0,0,0,0.7,0,0.7,93,Not Placed,2026-03-08 18:00:00
231FA04269,CSE,2027,8.76,Yes,3,3,1,7.1,6.1,7.3,6.6,7.8,7.2,7.6,5.6,7.7,5.5,8.3,8.3,8,9,9,7,9,6,6,8,7,8,9,8,0.9,2.9,1.7,0.4,1.2,0,0,2.4,0,2.5,0.7,0,1.06,89.4,Placed,2026-03-09 00:00:00
231FA04270,CSE,2027,8.69,No,0,1,4,7.3,7.3,6.6,6.1,6.9,9.4,7.2,5.2,4.7,5.1,6.4,8.5,8,7,8,7,8,8,8,7,7,7,8,8,0.7,0,1.4,0.9,1.1,0,0.8,1.8,2.3,1.9,1.6,0,1.04,89.6,Placed,2026-03-09 06:00:00
231FA04271,CSE-DS,2027,7.18,Yes,4,3,3,5.7,8.7,7.2,7.5,7.5,7.7,6.4,4,6.2,5.8,7.3,7.2,8,8,8,7,8,7,6,7,8,7,8,7,2.3,0,0.8,0,0.5,0,0,3,1.8,1.2,0.7,0,0.86,91.4,Placed,2026-03-09 12:00:00
231FA04272,CSE-DS,2027,7.95,Yes,5,3,2,6.7,9.2,6.2,4.2,7.2,8.5,7.4,6.6,7.3,9.3,5.9,7,9,9,8,6,8,8,6,7,7,6,8,9,2.3,0,1.8,1.8,0.8,0,0,0.4,0,0,2.1,2,0.93,90.7,Placed,2026-03-09 18:00:00
231FA04273,CSE-DS,2027,8.02,Yes,3,3,1,7.8,7.3,6.6,6.4,6.6,7.6,7.5,9.6,5,9.1,6.7,6.8,8,8,8,7,7,7,8,6,7,7,9,8,0.2,0.7,1.4,0.6,0.4,0,0.5,0,2,0,2.3,1.2,0.77,92.3,Placed,2026-03-10 00:00:00
231FA04274,CSE-DS,2027,7.85,Yes,5,5,2,8.3,8.3,8.7,8.9,7.2,9,6.4,6.8,7,6.6,7.3,8.4,9,8,9,8,9,8,7,7,7,6,8,8,0.7,0,0.3,0,1.8,0,0.6,0.2,0,0,0.7,0,0.36,96.4,Placed,2026-03-10 06:00:00
231FA04275,CSE,2027,7.24,No,0,2,0,7.2,5.6,5.5,5.3,6.5,4.4,5.3,5.8,7.7,6.2,7.6,6.6,7,7,8,6,8,8,7,7,6,7,8,7,0,1.4,2.5,0.7,1.5,3.6,1.7,1.2,0,0.8,0.4,0.4,1.18,88.2,Not Placed,2026-03-10 12:00:00
231FA04276,CSE,2027,7.15,No,0,3,3,6.1,6.2,5.3,9.7,8.1,7.5,5.1,6.2,5.5,6.9,5.6,5.9,9,7,9,6,8,7,8,8,8,8,8,9,2.9,0.8,3.7,0,0,0,2.9,1.8,2.5,1.1,2.4,3.1,1.77,82.3,Not Placed,2026-03-10 18:00:00
231FA04277,CSE-AIML,2027,7.63,Yes,2,4,2,5.9,6.8,7.2,6.8,9,8.1,6.1,7.5,6.2,6.6,7.7,7.9,7,8,9,8,8,7,7,7,7,7,8,7,1.1,1.2,1.8,1.2,0,0,0.9,0,0.8,0.4,0.3,0,0.64,93.6,Placed,2026-03-11 00:00:00
231FA04278,CSE-AIML,2027,8.53,Yes,4,7,1,6.8,6.1,7.6,8.1,6.7,8.5,8.3,6.7,8.9,9,10,9.7,8,8,7,7,8,6,6,8,7,7,9,7,1.2,1.9,0,0,1.3,0,0,1.3,0,0,0,0,0.47,95.3,Placed,2026-03-11 06:00:00
231FA04279,CSE-AIML,2027,8.06,Yes,5,4,2,6,8.3,8.3,6.7,7.7,4.8,4.8,5,7.6,7.7,6.8,9.3,8,8,9,7,8,7,7,7,7,8,8,8,2,0,0.7,0.3,0.3,2.2,2.2,2,0,0.3,1.2,0,0.93,90.7,Not Placed,2026-03-11 12:00:00
231FA04280,CSE-AIML,2027,7.37,Yes,6,3,0,8,4.7,6.5,5.6,7.3,6.7,5.6,8.9,6.8,6.2,6.4,8.8,7,8,8,8,8,7,7,7,7,7,8,7,0,3.3,1.5,2.4,0.7,0.3,1.4,0,0.2,0.8,1.6,0,1.02,89.8,Not Placed,2026-03-11 18:00:00
231FA04281,CSE-DS,2027,8.23,Yes,5,4,5,8.6,7.2,6.2,6.4,6.8,8.1,8.4,6.5,8.4,6.3,6.7,5.6,8,8,9,7,8,7,7,8,7,7,9,9,0,0.8,2.8,0.6,1.2,0,0,1.5,0,0.7,2.3,3.4,1.11,88.9,Not Placed,2026-03-12 00:00:00
231FA04282,CSE,2027,5.51,Yes,6,3,3,4.8,5.5,6.6,5.4,8.5,5.4,6.8,8.3,6.7,6.1,6.8,5.9,9,8,9,6,9,6,7,7,7,7,9,8,4.2,2.5,2.4,0.6,0.5,0.6,0.2,0,0.3,0.9,2.2,2.1,1.38,86.2,Placed,2026-03-12 06:00:00
231FA04283,CSE,2027,8.51,No,0,4,3,5.9,7.9,6.4,8.3,8.1,7.3,8.3,6.4,8.1,8.1,6.7,6.6,8,8,8,7,8,7,7,6,7,7,8,8,2.1,0.1,1.6,0,0,0,0,0,0,0,1.3,1.4,0.54,94.6,Placed,2026-03-12 12:00:00
231FA04284,CSE,2027,6.35,No,0,3,0,6.7,8.8,6,5.8,7.8,6.4,7.4,8.2,3.9,6.3,6,5.1,7,8,8,7,8,7,8,6,7,7,7,8,0.3,0,2,1.2,0.2,0.6,0.6,0,3.1,0.7,1,2.9,1.05,89.5,Not Placed,2026-03-12 18:00:00
231FA04285,CSE-AIML,2027,7.38,Yes,4,2,4,4.5,4.9,7.1,6.3,5.9,7.1,6.1,8.5,6.2,8.8,6.9,6.1,8,8,8,7,7,7,7,7,7,7,7,9,3.5,3.1,0.9,0.7,1.1,0,0.9,0,0.8,0,0.1,2.9,1.17,88.3,Placed,2026-03-13 00:00:00
231FA04286,CSE,2027,6.81,No,0,4,6,6.1,8.9,7.9,6.1,7.2,4.1,5.4,6.1,6.1,8.5,4.6,5.2,9,8,8,7,7,7,8,6,7,7,8,8,2.9,0,0.1,0.9,0,2.9,2.6,0,0.9,0,3.4,2.8,1.38,86.2,Placed,2026-03-13 06:00:00
231FA04287,CSE,2027,6.68,Yes,8,5,2,7.6,7.3,6.6,9.6,7.8,8.5,6.9,6.3,6.3,8.2,8,6.7,8,8,8,7,8,6,8,7,7,7,7,7,0.4,0.7,1.4,0,0.2,0,1.1,0.7,0.7,0,0,0.3,0.46,95.4,Placed,2026-03-13 12:00:00
231FA04288,CSE,2027,8.52,Yes,12,3,3,7.8,8.4,6.5,6.8,7.8,5,7.8,5.8,8.4,9.9,6.3,5.5,8,8,8,8,9,7,7,7,7,6,7,8,0.2,0,1.5,1.2,1.2,2,0,1.2,0,0,0.7,2.5,0.88,91.2,Not Placed,2026-03-13 18:00:00
231FA04289,CSE,2027,7.3,Yes,10,3,2,6.7,6.5,7.7,7.2,6.5,7,5.5,7.9,8.9,5.4,4.9,6.4,8,7,8,7,8,7,7,7,7,7,9,8,1.3,0.5,0.3,0,1.5,0,1.5,0,0,1.6,4.1,1.6,1.03,89.7,Placed,2026-03-14 00:00:00
231FA04290,CSE-AIML,2027,7.91,No,0,2,3,5.2,5.2,5,6.5,6.2,7.2,6.1,5.2,6.7,5.4,7.4,4.7,9,7,8,7,8,7,6,6,7,7,9,8,3.8,1.8,3,0.5,1.8,0,0,0.8,0.3,1.6,1.6,3.3,1.54,84.6,Placed,2026-03-14 06:00:00
231FA04291,CSE,2027,7.61,No,0,2,2,3.9,4.6,6.1,6.3,6.8,5.9,5.6,8.4,8.1,7.9,7,7.1,9,8,8,6,9,7,6,7,7,7,8,8,5.1,3.4,1.9,0,2.2,1.1,0.4,0,0,0,1,0.9,1.33,86.7,Placed,2026-03-14 12:00:00
231FA04292,CSE,2027,8.01,Yes,5,1,1,5.7,6.9,5.5,5.4,4.7,7.2,6.9,6.3,6.2,4.4,7,6.3,8,9,9,7,8,6,7,7,6,7,8,7,2.3,2.1,3.5,1.6,3.3,0,0.1,0.7,0,2.6,1,0.7,1.49,85.1,Not Placed,2026-03-14 18:00:00
231FA04293,CSE-DS,2027,7.71,Yes,6,1,3,7.9,7,7.7,6.8,7,8,6.6,7.4,6.2,6.6,8.8,7.6,7,9,7,6,9,7,7,7,7,6,9,8,0,2,0,0,2,0,0.4,0,0.8,0,0.2,0.4,0.48,95.2,Placed,2026-03-15 00:00:00
231FA04294,CSE,2027,6.69,No,0,3,2,5.9,7.1,5,6.3,5.4,7.1,6.3,6.9,7.5,6,6,6.5,8,7,9,6,8,8,7,7,7,7,8,8,2.1,0,4,0,2.6,0.9,0.7,0.1,0,1,2,1.5,1.24,87.6,Placed,2026-03-15 06:00:00
231FA04295,CSE,2027,8.4,Yes,5,3,1,5.9,7,7.1,7.3,7.5,5,5.4,5.6,7.1,6.7,4.2,9.5,7,8,8,7,9,8,6,7,7,7,9,7,1.1,1,0.9,0,1.5,3,0.6,1.4,0,0.3,4.8,0,1.22,87.8,Not Placed,2026-03-15 12:00:00
231FA04296,CSE,2027,7.28,No,0,2,1,4,6.5,7.2,5.6,7.3,5.2,6.7,3.8,7.9,6.5,4.5,7.3,8,8,9,7,8,8,8,6,7,7,7,8,4,1.5,1.8,1.4,0.7,2.8,1.3,2.2,0,0.5,2.5,0.7,1.62,83.8,Not Placed,2026-03-15 18:00:00
231FA04297,CSE-AIML,2027,6.48,Yes,4,5,1,8.9,5.7,6.6,6.2,5.9,5.8,6.1,6.1,6.4,6.3,7.8,7.7,7,8,8,6,8,7,7,7,7,7,8,9,0,2.3,1.4,0,2.1,1.2,0.9,0.9,0.6,0.7,0.2,1.3,0.97,90.3,Not Placed,2026-03-16 00:00:00
231FA04298,CSE,2027,7.33,Yes,8,5,3,5.3,6.5,8.8,7.6,7.6,7.5,6.9,7.2,6.7,8.3,6.7,7.1,8,7,8,7,8,7,7,7,7,8,7,8,2.7,0.5,0,0,0.4,0,0.1,0,0.3,0,0.3,0.9,0.43,95.7,Not Placed,2026-03-16 06:00:00
231FA04299,CSE-AIML,2027,8.78,Yes,4,5,1,8.3,6.9,7.2,6.9,7.2,6.9,6.7,6.5,7.1,8.6,8.1,5.4,8,8,9,7,8,6,7,7,7,7,8,8,0,1.1,1.8,0.1,0.8,0,0.3,0.5,0,0,0,2.6,0.6,94,Placed,2026-03-16 12:00:00
231FA04300,CSE,2027,8.29,No,0,3,1,6.3,6,4.8,7.1,6.7,9.3,6.4,5.8,5.7,6.2,7.5,7.7,8,9,8,7,8,7,6,8,8,7,8,8,1.7,3,3.2,0,1.3,0,0,2.2,2.3,0.8,0.5,0.3,1.28,87.2,Not Placed,2026-03-16 18:00:00
231FA04301,CSE,2027,7.39,Yes,5,2,3,10,5.3,7,6,7.3,8.6,7.9,5.3,7.7,4.2,3.9,6.5,8,7,8,7,8,7,7,8,7,7,9,7,0,1.7,1,1,0.7,0,0,2.7,0,2.8,5.1,0.5,1.29,87.1,Placed,2026-03-17 00:00:00
231FA04302,CSE,2027,7.39,No,0,3,2,7.5,7.1,9.1,6.8,6.6,8.1,6.2,7.2,7.3,5.5,7.2,9.4,7,8,8,6,8,7,7,7,7,7,9,8,0,0.9,0,0,1.4,0,0.8,0,0,1.5,1.8,0,0.53,94.7,Not Placed,2026-03-17 06:00:00
231FA04303,CSE,2027,7.41,Yes,3,2,1,8.1,5.7,9.6,7.6,7.2,6.6,7.6,6.8,6.7,6.5,7.9,7.8,8,8,8,7,8,7,7,8,8,7,8,8,0,2.3,0,0,0.8,0.4,0,1.2,1.3,0.5,0.1,0.2,0.57,94.3,Placed,2026-03-17 12:00:00
231FA04304,CSE-AIML,2027,9.21,No,0,2,1,6.7,5,6.9,6,6.3,6.7,5.5,4.8,7.2,6.9,6.8,7.5,9,7,8,7,9,7,6,7,7,7,9,9,2.3,2,1.1,1,2.7,0.3,0.5,2.2,0,0.1,2.2,1.5,1.33,86.7,Placed,2026-03-17 18:00:00
231FA04305,CSE-AIML,2027,7.94,No,0,3,3,6.1,7.3,8.6,6.6,9.3,7,5.8,8,6.7,8.2,7.4,6.5,9,8,7,6,9,7,6,7,7,6,7,9,2.9,0.7,0,0,0,0,0.2,0,0.3,0,0,2.5,0.55,94.5,Placed,2026-03-18 00:00:00
231FA04306,CSE-DS,2027,7.97,No,0,2,3,8.7,6.1,4.1,7.9,7.2,8.4,5.7,6.5,6.3,7.9,7.6,7,7,8,8,7,7,6,6,7,7,8,9,8,0,1.9,3.9,0,0,0,0.3,0.5,0.7,0.1,1.4,1,0.82,91.8,Placed,2026-03-18 06:00:00
231FA04307,CSE,2027,8.42,Yes,5,6,2,7.7,6,8.4,8.5,10,8.1,8.3,8.1,6.6,9,7.4,7.2,8,8,7,6,7,7,7,7,7,7,8,7,0.3,2,0,0,0,0,0,0,0.4,0,0.6,0,0.27,97.3,Placed,2026-03-18 12:00:00
231FA04308,CSE,2027,7.83,Yes,5,3,4,7,7.1,6.5,7.4,7,6.9,7.8,7.2,6.5,6.2,7.3,6.2,8,8,8,8,8,7,6,6,7,7,8,8,1,0.9,1.5,0.6,1,0.1,0,0,0.5,0.8,0.7,1.8,0.74,92.6,Placed,2026-03-18 18:00:00
231FA04309,CSE-AIML,2027,7.46,Yes,5,4,1,5.9,5.9,7.3,8.4,7.4,8.1,6.9,7.1,9,8,8.1,6.6,7,8,8,8,8,8,7,6,6,7,8,8,1.1,2.1,0.7,0,0.6,0,0.1,0,0,0,0,1.4,0.5,95,Placed,2026-03-19 00:00:00
231FA04310,CSE,2027,7.5,No,0,3,1,6.6,7.1,5.9,3.7,7.1,7.8,6.7,5.9,6.2,4.1,6.2,5.2,8,7,9,6,8,8,7,8,7,7,7,8,1.4,0,3.1,2.3,0.9,0.2,0.3,2.1,0.8,2.9,0.8,2.8,1.47,85.3,Placed,2026-03-19 06:00:00
231FA04311,CSE,2027,7.6,Yes,3,5,2,6.3,5.7,5.6,5.9,8,6.5,5.8,8.1,7.3,4.2,8.4,7.3,8,7,8,6,8,7,6,8,8,7,8,7,1.7,1.3,2.4,0.1,0,0.5,0.2,0,0.7,2.8,0,0,0.81,91.9,Placed,2026-03-19 12:00:00
231FA04312,CSE,2027,7.62,Yes,5,2,1,7.7,6.5,8.7,6.3,3.4,5.6,7.4,6.9,6.6,5.5,6.8,6.7,8,8,8,6,8,7,7,7,8,7,9,8,0.3,1.5,0,0,4.6,1.4,0,0.1,1.4,1.5,2.2,1.3,1.19,88.1,Not Placed,2026-03-19 18:00:00
231FA04313,CSE,2027,8.2,Yes,4,5,1,7.2,7.9,7.4,6.9,6,8.9,9.7,9.4,8.1,5.1,5,6.5,9,8,8,7,7,6,6,6,7,7,8,8,1.8,0.1,0.6,0.1,1,0,0,0,0,1.9,3,1.5,0.83,91.7,Placed,2026-03-20 00:00:00
231FA04314,CSE-DS,2027,7.69,Yes,6,6,3,7.3,7.3,7.6,5.7,9.4,9.3,5.8,5.1,7.3,9,7.4,7.7,7,8,8,6,8,6,7,7,7,6,7,7,0,0.7,0.4,0.3,0,0,1.2,1.9,0,0,0,0,0.38,96.2,Placed,2026-03-20 06:00:00
231FA04315,CSE-DS,2027,8.2,No,0,3,5,6.6,7.3,8.3,7.6,7.8,5,9.8,5,7.3,6.9,7,8.2,9,8,7,7,8,7,7,7,6,7,8,8,2.4,0.7,0,0,0.2,2,0,2,0,0.1,1,0,0.7,93,Placed,2026-03-20 12:00:00
231FA04316,CSE-AIML,2027,7.59,Yes,5,4,1,6.1,6.4,5.5,8.4,7.3,7.8,8,9.5,9.2,7.4,7.2,6.3,8,7,8,8,9,6,7,8,6,6,9,8,1.9,0.6,2.5,0,1.7,0,0,0,0,0,1.8,1.7,0.85,91.5,Not Placed,2026-03-20 18:00:00
231FA04317,CSE,2027,7.71,No,0,5,3,8,8,6.2,8,8.3,5.7,7.3,7,7.1,5.9,4.8,6.1,8,8,8,8,7,7,7,7,7,7,9,9,0,0,1.8,0,0,1.3,0,0,0,1.1,4.2,2.9,0.94,90.6,Placed,2026-03-21 00:00:00
231FA04318,CSE,2027,6.15,Yes,4,3,4,5.7,7.3,7.3,7.2,5.1,5.4,6,6.8,6.4,7.2,8,5.6,8,8,9,6,8,6,8,8,7,7,8,8,2.3,0.7,1.7,0,2.9,0.6,2,1.2,0.6,0,0,2.4,1.2,88,Placed,2026-03-21 06:00:00
231FA04319,CSE,2027,8.34,Yes,3,1,2,5.6,7,6.7,7.8,6.9,9,4.9,7.9,7.1,5.1,4.3,5.4,8,8,8,8,9,8,8,7,7,7,8,7,2.4,1,1.3,0.2,2.1,0,3.1,0,0,1.9,3.7,1.6,1.44,85.6,Placed,2026-03-21 12:00:00
231FA04320,CSE,2027,7.91,Yes,3,5,0,8.6,8.5,6.9,6.6,6,6.8,6.5,9.2,5.5,7.6,9.3,8.1,8,8,7,6,9,7,7,6,7,7,8,7,0,0,0.1,0,3,0.2,0.5,0,1.5,0,0,0,0.44,95.6,Not Placed,2026-03-21 18:00:00
231FA04321,CSE,2027,8.4,Yes,8,3,3,5.8,5.3,7.5,7.4,8.7,7.9,6.6,6.5,5.5,7.3,5.4,8.3,9,8,8,6,8,7,7,8,8,7,7,8,3.2,2.7,0.5,0,0,0,0.4,1.5,2.5,0,1.6,0,1.03,89.7,Placed,2026-03-22 00:00:00
231FA04322,CSE-AIML,2027,5.5,Yes,4,5,2,7.5,7.5,5.1,6.6,6.3,6.9,7.4,6.1,6.2,7.6,5.3,5.8,9,9,9,8,8,6,8,7,7,8,8,8,1.5,1.5,3.9,1.4,1.7,0,0.6,0.9,0.8,0.4,2.7,2.2,1.47,85.3,Placed,2026-03-22 06:00:00
231FA04323,CSE-AIML,2027,9.22,No,0,4,4,7.4,8.5,6.1,9.6,5.7,9.3,8.8,5.6,5.3,8.2,6.9,6.1,7,9,8,8,8,8,6,7,7,8,8,9,0,0.5,1.9,0,2.3,0,0,1.4,1.7,0,1.1,2.9,0.98,90.2,Not Placed,2026-03-22 12:00:00
231FA04324,CSE,2027,7.55,Yes,12,4,3,9.4,5.6,6.2,6.4,3.6,7.2,6,8.1,8.3,7.4,7.4,7.3,7,8,9,7,8,7,7,8,6,6,9,9,0,2.4,2.8,0.6,4.4,0,1,0,0,0,1.6,1.7,1.21,87.9,Placed,2026-03-22 18:00:00
231FA04325,CSE-DS,2027,8.48,No,0,5,4,6.4,6.5,9,8.2,7.6,8.1,7.2,7.5,8.1,4.7,8.4,8.4,8,9,7,7,9,6,8,7,7,7,8,8,1.6,2.5,0,0,1.4,0,0.8,0,0,2.3,0,0,0.72,92.8,Placed,2026-03-23 00:00:00
231FA04326,CSE-AIML,2027,6.87,Yes,3,4,4,6.1,8.6,4.3,7.5,7.1,6.7,7.1,7.8,4.8,8.3,6.6,8.3,8,8,8,7,7,8,8,7,8,8,8,8,1.9,0,3.7,0,0,1.3,0.9,0,3.2,0,1.4,0,1.03,89.7,Placed,2026-03-23 06:00:00
231FA04327,CSE-AIML,2027,8.11,Yes,4,1,2,7.6,6.3,6.7,6.8,8.8,5.4,6.3,4.8,7,6,6.2,8.7,7,9,7,7,9,8,6,6,7,7,8,9,0,2.7,0.3,0.2,0.2,2.6,0,1.2,0,1,1.8,0.3,0.86,91.4,Not Placed,2026-03-23 12:00:00
231FA04328,CSE-AIML,2027,6.86,No,0,3,2,5.6,6.4,6,6.1,10,4.4,7.4,9.6,7.9,6.7,5.1,8.2,8,7,8,8,8,8,8,8,7,7,9,8,2.4,0.6,2,1.9,0,3.6,0.6,0,0,0.3,3.9,0,1.28,87.2,Not Placed,2026-03-23 18:00:00
231FA04329,CSE,2027,7.18,Yes,4,3,1,7.9,4.9,6.4,5.3,3.2,5.2,6.9,7.5,6.4,8.5,8.1,6.6,9,7,8,7,9,8,8,8,6,7,7,8,1.1,2.1,1.6,1.7,5.8,2.8,1.1,0.5,0,0,0,1.4,1.51,84.9,Not Placed,2026-03-24 00:00:00
231FA04330,CSE,2027,9.09,Yes,3,4,5,7.3,8.1,7.6,5.8,7.2,8.4,9.2,8.8,8,9.4,8.1,7.5,8,8,8,8,9,7,8,7,7,7,9,8,0.7,0,0.4,2.2,1.8,0,0,0,0,0,0.9,0.5,0.54,94.6,Placed,2026-03-24 06:00:00
231FA04331,CSE,2027,7.51,Yes,5,5,0,8.9,7.9,8.6,5.5,5.9,6,7.2,9.3,5.6,8.1,5.5,9.6,9,8,8,7,9,7,7,6,7,7,8,9,0.1,0.1,0,1.5,3.1,1,0,0,1.4,0,2.5,0,0.81,91.9,Placed,2026-03-24 12:00:00
231FA04332,CSE-AIML,2027,7.81,Yes,8,2,4,5,7.9,8.1,7.8,5.9,5.7,8.6,8.3,8.3,8.5,5.1,5.1,9,8,7,6,9,8,8,8,8,8,8,8,4,0.1,0,0,3.1,2.3,0,0,0,0,2.9,2.9,1.28,87.2,Placed,2026-03-24 18:00:00
231FA04333,CSE,2027,8.3,No,0,2,3,6,6.2,6.1,7.2,8.2,6.5,5.8,7.9,6.5,7,6.4,7.3,8,7,7,7,7,7,7,7,7,8,7,8,2,0.8,0.9,0,0,0.5,1.2,0,0.5,1,0.6,0.7,0.68,93.2,Placed,2026-03-25 00:00:00
231FA04334,CSE,2027,8.02,Yes,3,4,2,5.9,8.1,7.1,6.2,7.8,6.2,6.2,5.6,5,7.8,8.6,6.6,9,8,7,7,8,7,7,7,7,7,9,9,3.1,0,0,0.8,0.2,0.8,0.8,1.4,2,0,0.4,2.4,0.99,90.1,Not Placed,2026-03-25 06:00:00
231FA04335,CSE,2027,7.76,No,0,1,2,5.5,4.3,3.8,7.4,4.1,5.1,6.9,6.6,6.9,6.5,6.1,5.1,7,8,8,6,8,7,7,7,7,6,8,8,1.5,3.7,4.2,0,3.9,1.9,0.1,0.4,0.1,0,1.9,2.9,1.72,82.8,Not Placed,2026-03-25 12:00:00
231FA04336,CSE,2027,7.92,No,0,4,2,6.1,6.6,4.6,5.9,6.5,6.1,6.5,7.8,7.9,8.8,5,6.4,9,9,7,6,8,7,7,7,8,8,9,9,2.9,2.4,2.4,0.1,1.5,0.9,0.5,0,0.1,0,4,2.6,1.45,85.5,Not Placed,2026-03-25 18:00:00
231FA04337,CSE-DS,2027,9.45,Yes,3,2,5,9,5.2,6,6.7,10,6.2,8.8,7.4,6,10,7.7,7.9,8,8,9,7,8,7,8,7,7,7,7,8,0,2.8,3,0.3,0,0.8,0,0,1,0,0,0.1,0.67,93.3,Placed,2026-03-26 00:00:00
231FA04338,CSE-AIML,2027,7.61,No,0,2,1,7.2,7.1,9.2,8.8,5.4,9.1,5.7,6.9,4.7,7.8,6.2,5.1,8,8,9,7,8,8,7,7,7,7,8,7,0.8,0.9,0,0,2.6,0,1.3,0.1,2.3,0,1.8,1.9,0.98,90.2,Not Placed,2026-03-26 06:00:00
231FA04339,CSE,2027,7.8,Yes,4,3,3,8.5,8.9,8.9,5.2,9,6.7,9.6,7.8,7.4,7.1,7,6.2,8,8,9,6,8,7,7,7,7,7,8,9,0,0,0.1,0.8,0,0.3,0,0,0,0,1,2.8,0.42,95.8,Not Placed,2026-03-26 12:00:00
231FA04340,CSE,2027,8.44,No,0,2,1,5.4,6.3,8.2,5,8.4,6.9,7.7,7.7,7.9,6.7,6.8,7.8,8,8,8,7,9,7,7,7,7,7,7,9,2.6,1.7,0,2,0.6,0.1,0,0,0,0.3,0.2,1.2,0.72,92.8,Placed,2026-03-26 18:00:00
231FA04341,CSE,2027,8.48,Yes,2,3,1,5.7,5.5,6.5,7.4,9.4,7.1,9.5,7.7,6.5,8.5,6.7,7.4,8,8,7,8,9,6,7,6,7,7,8,9,2.3,2.5,0.5,0.6,0,0,0,0,0.5,0,1.3,1.6,0.78,92.2,Not Placed,2026-03-27 00:00:00
231FA04342,CSE,2027,8.54,No,0,2,6,5.5,5.2,7.8,8.5,9.6,6.1,9,8.8,6.5,8.9,8.3,8.6,8,7,8,6,7,7,7,6,7,6,8,9,2.5,1.8,0.2,0,0,0.9,0,0,0.5,0,0,0.4,0.52,94.8,Placed,2026-03-27 06:00:00
231FA04343,CSE,2027,8.13,Yes,8,5,7,10,9.1,5,8.1,5.7,7.9,7.8,7,6.4,7,7.3,7.5,7,8,7,6,9,7,6,7,7,8,8,8,0,0,2,0,3.3,0,0,0,0.6,1,0.7,0.5,0.68,93.2,Placed,2026-03-27 12:00:00
231FA04344,CSE,2027,6.79,Yes,6,1,1,6.6,7.2,6.1,8.1,6.4,7.6,6.1,9.9,7,8.5,5.6,5.9,8,9,8,7,9,6,7,7,7,6,9,8,1.4,1.8,1.9,0,2.6,0,0.9,0,0,0,3.4,2.1,1.18,88.2,Not Placed,2026-03-27 18:00:00
231FA04345,CSE,2027,8.88,No,0,3,4,6.8,10,6.9,6.1,8.8,7.2,6.9,6.4,7.8,8.5,8.1,6.6,8,7,9,7,8,7,6,8,6,6,9,8,1.2,0,2.1,0.9,0,0,0,1.6,0,0,0.9,1.4,0.68,93.2,Placed,2026-03-28 00:00:00
231FA04346,CSE-AIML,2027,6.79,No,0,6,0,5.5,2.3,5.6,6.3,6.7,6.4,10,7.4,5.2,7.6,7.3,5.5,8,8,8,8,7,7,7,7,6,7,8,8,2.5,5.7,2.4,1.7,0.3,0.6,0,0,0.8,0,0.7,2.5,1.43,85.7,Placed,2026-03-28 06:00:00
231FA04347,CSE-AIML,2027,7.88,Yes,5,1,2,7.1,7.4,8,4.5,7.6,8.5,9.1,5.2,6.6,6.7,7.6,6.6,8,9,7,6,7,7,8,7,7,7,7,7,0.9,1.6,0,1.5,0,0,0,1.8,0.4,0.3,0,0.4,0.58,94.2,Placed,2026-03-28 12:00:00
231FA04348,CSE,2027,7.08,Yes,4,2,2,5.8,7,6.3,7.4,5.7,5.4,8.4,9.6,9,6.6,8,5.9,9,9,8,7,8,8,6,7,7,7,7,8,3.2,2,1.7,0,2.3,2.6,0,0,0,0.4,0,2.1,1.19,88.1,Not Placed,2026-03-28 18:00:00
231FA04349,CSE,2027,7.6,No,0,4,2,7.5,6.1,8.4,8.3,9.5,6.6,8.8,7.5,7,7.3,9,6.7,7,7,8,7,8,8,7,7,6,7,8,8,0,0.9,0,0,0,1.4,0,0,0,0,0,1.3,0.3,97,Placed,2026-03-29 00:00:00
231FA04350,CSE-AIML,2027,7.9,No,0,3,1,6.6,4.1,6.5,7.1,5.8,5.5,4.4,6,8.5,4.9,7.7,7.8,8,8,8,6,7,6,7,7,6,7,8,9,1.4,3.9,1.5,0,1.2,0.5,2.6,1,0,2.1,0.3,1.2,1.31,86.9,Placed,2026-03-29 06:00:00
231FA04351,CSE,2027,7.89,No,0,5,3,10,8.4,8.3,7.6,7.1,8.2,8.7,7.3,8.7,10,7.2,7.2,8,7,8,7,8,7,7,8,7,7,8,8,0,0,0,0,0.9,0,0,0.7,0,0,0.8,0.8,0.27,97.3,Not Placed,2026-03-29 12:00:00
231FA04352,CSE-DS,2027,7.97,No,0,4,3,6.9,7.2,8.5,7.1,7.3,6.7,7.6,6.4,5.5,7.6,9.5,6.7,8,8,8,7,8,6,7,7,6,7,8,9,1.1,0.8,0,0,0.7,0,0,0.6,0.5,0,0,2.3,0.5,95,Not Placed,2026-03-29 18:00:00
231FA04353,CSE-AIML,2027,8.86,No,0,4,4,6,9.7,7.3,8.5,6.4,7.3,9,7.4,7.5,5.4,8.3,6.3,7,8,7,8,8,7,7,7,7,6,8,9,1,0,0,0,1.6,0,0,0,0,0.6,0,2.7,0.49,95.1,Not Placed,2026-03-30 00:00:00
231FA04354,CSE,2027,7.99,No,0,5,4,8.6,7.5,7.6,8.2,7.7,9.4,9.2,5.7,7,8.3,6,5.3,9,7,8,7,7,6,7,8,7,7,8,8,0.4,0,0.4,0,0,0,0,2.3,0,0,2,2.7,0.65,93.5,Placed,2026-03-30 06:00:00
231FA04355,CSE,2027,7.47,Yes,3,2,1,5.8,6.6,2.2,5.3,4.5,8.1,7.9,7.1,6.8,7.4,5.5,8.3,7,8,9,7,8,8,8,8,7,7,9,7,1.2,1.4,6.8,1.7,3.5,0,0.1,0.9,0.2,0,3.5,0,1.61,83.9,Placed,2026-03-30 12:00:00
231FA04356,CSE-AIML,2027,8.37,Yes,10,3,2,7.2,8.2,8.2,7.8,7.5,7.4,7,7.7,7.4,6.5,7.9,7.4,7,8,7,7,8,7,7,7,7,7,8,8,0,0,0,0,0.5,0,0,0,0,0.5,0.1,0.6,0.14,98.6,Not Placed,2026-03-30 18:00:00
231FA04357,CSE,2027,8.54,No,0,3,4,8.6,4.8,7.1,6.2,6.4,7.8,5.3,7.3,7.1,5.8,7.3,6.1,8,8,8,7,8,7,7,7,6,7,8,9,0,3.2,0.9,0.8,1.6,0,1.7,0,0,1.2,0.7,2.9,1.08,89.2,Placed,2026-03-31 00:00:00
231FA04358,CSE-AIML,2027,6.73,No,0,3,2,9.3,8.1,6.7,6,7.2,7.5,6.9,5.3,6.3,6.7,6.9,7,8,9,8,7,8,6,6,6,7,8,9,7,0,0.9,1.3,1,0.8,0,0,0.7,0.7,1.3,2.1,0,0.73,92.7,Not Placed,2026-03-31 06:00:00
231FA04359,CSE-DS,2027,8.1,Yes,8,4,5,8.3,9.1,8.7,8.1,5.8,8.9,8.4,7.1,7.4,7.5,6.9,5.2,9,7,8,8,8,6,7,8,8,7,9,8,0.7,0,0,0,2.2,0,0,0.9,0.6,0,2.1,2.8,0.78,92.2,Placed,2026-03-31 12:00:00
231FA04360,CSE-AIML,2027,8.18,Yes,3,4,1,5.7,6,4.6,5.7,8.5,7.7,5.9,6.2,8.6,8.6,7.2,8.6,7,9,7,6,9,7,7,7,7,7,8,8,1.3,3,2.4,0.3,0.5,0,1.1,0.8,0,0,0.8,0,0.85,91.5,Placed,2026-03-31 18:00:00
231FA04361,CSE,2027,7.43,No,0,6,1,6,7.3,5.1,6.5,7,4.9,7.7,7.9,8.2,9.9,7.5,6.9,8,9,8,7,7,6,7,7,7,7,8,8,2,1.7,2.9,0.5,0,1.1,0,0,0,0,0.5,1.1,0.82,91.8,Placed,2026-04-01 00:00:00
231FA04362,CSE-AIML,2027,8.68,Yes,5,1,2,4.9,7.4,7.6,5.2,6.6,6.9,7.6,8,6.2,7.2,7.6,6.7,8,8,8,7,8,7,7,7,7,6,9,8,3.1,0.6,0.4,1.8,1.4,0.1,0,0,0.8,0,1.4,1.3,0.91,90.9,Placed,2026-04-01 06:00:00
231FA04363,CSE,2027,7.54,Yes,6,2,4,6.4,7.9,6.7,5.5,8.7,5.6,6.8,7.4,7.5,7.2,3.3,6.1,8,8,9,7,7,7,6,7,7,7,8,9,1.6,0.1,2.3,1.5,0,1.4,0,0,0,0,4.7,2.9,1.21,87.9,Placed,2026-04-01 12:00:00
231FA04364,CSE,2027,7.74,Yes,12,3,2,7.3,6.8,7.6,8.2,7.6,6.1,6.3,9,6.7,6.8,7.6,8.5,8,7,8,7,8,7,7,8,7,7,8,7,0.7,0.2,0.4,0,0.4,0.9,0.7,0,0.3,0.2,0.4,0,0.35,96.5,Placed,2026-04-01 18:00:00
231FA04365,CSE-DS,2027,7.52,Yes,8,3,5,6,6.5,5.2,6.8,7.9,6.7,9.4,7.3,7,6.7,5.5,7.1,8,7,8,7,7,7,7,7,6,6,7,8,2,0.5,2.8,0.2,0,0.3,0,0,0,0,1.5,0.9,0.68,93.2,Not Placed,2026-04-02 00:00:00
231FA04366,CSE,2027,7.66,Yes,4,2,1,7.2,6.6,7,5.9,5.2,6.6,7,6.5,7,7.7,7.7,7.8,7,8,9,6,8,7,7,7,7,6,8,7,0,1.4,2,0.1,2.8,0.4,0,0.5,0,0,0.3,0,0.62,93.8,Placed,2026-04-02 06:00:00
231FA04367,CSE-DS,2027,6.83,Yes,8,3,2,8,7.4,7.2,9.2,7.8,5.7,4.5,6.5,7.6,8,5.2,7.7,8,7,8,7,9,7,7,6,6,7,7,8,0,0,0.8,0,1.2,1.3,2.5,0,0,0,1.8,0.3,0.66,93.4,Placed,2026-04-02 12:00:00
231FA04368,CSE-DS,2027,6.57,Yes,3,2,2,8,7.4,7.1,6.4,6,7.6,7.3,6.2,9.8,4.7,6.3,5.6,8,8,9,7,8,7,6,8,7,6,8,8,0,0.6,1.9,0.6,2,0,0,1.8,0,1.3,1.7,2.4,1.03,89.7,Not Placed,2026-04-02 18:00:00
231FA04369,CSE,2027,8.85,No,0,5,6,8,5.1,9.1,8.8,7.9,7.2,8.4,8,8.7,7.4,7.3,8.9,8,8,8,8,8,7,8,7,7,7,8,8,0,2.9,0,0,0.1,0,0,0,0,0,0.7,0,0.31,96.9,Placed,2026-04-03 00:00:00
231FA04370,CSE,2027,7.01,Yes,3,2,3,7.6,6.6,7.2,7,7.4,8.4,6.3,6,7.1,6.1,5.6,8,8,7,8,6,7,7,6,7,7,7,8,8,0.4,0.4,0.8,0,0,0,0,1,0,0.9,2.4,0,0.49,95.1,Placed,2026-04-03 06:00:00
231FA04371,CSE,2027,6.91,No,0,2,2,6.1,4.1,7.5,5.9,7.2,7.8,6.7,3.9,4,5.6,6.4,8,8,8,7,6,8,7,8,8,8,7,9,7,1.9,3.9,0,0.1,0.8,0,1.3,4.1,4,1.4,2.6,0,1.67,83.3,Placed,2026-04-03 12:00:00
231FA04372,CSE,2027,6.03,No,0,4,0,6.8,9.7,4.5,6.5,5.8,6.7,8.6,8.7,6.5,7.5,6.7,5,8,9,8,7,8,6,7,7,7,8,8,8,1.2,0,3.5,0.5,2.2,0,0,0,0.5,0.5,1.3,3,1.06,89.4,Placed,2026-04-03 18:00:00
231FA04373,CSE,2027,7.17,Yes,6,3,1,6.8,6.1,6.7,5.7,7,7.2,7.7,7.2,8.8,9.5,6.3,8,8,8,8,7,8,7,8,6,7,8,7,7,1.2,1.9,1.3,1.3,1,0,0.3,0,0,0,0.7,0,0.64,93.6,Placed,2026-04-04 00:00:00
231FA04374,CSE-AIML,2027,6.66,No,0,4,2,9.3,7.9,7.6,4.4,6,6.2,8.4,5.8,6.6,7.7,5.7,7,8,9,8,8,8,7,7,7,8,7,8,8,0,1.1,0.4,3.6,2,0.8,0,1.2,1.4,0,2.3,1,1.15,88.5,Placed,2026-04-04 06:00:00
231FA04375,CSE,2027,8.88,Yes,5,3,3,7.5,8.4,8.1,8.1,7.5,5.2,7.5,7.3,8.2,6.7,7.3,7.4,8,9,7,7,8,7,7,8,8,7,8,7,0.5,0.6,0,0,0.5,1.8,0,0.7,0,0.3,0.7,0,0.42,95.8,Placed,2026-04-04 12:00:00
231FA04376,CSE,2027,8.41,No,0,2,2,5.9,5.3,7.3,8,6,6.5,7.8,7.9,7.1,7.3,7.4,7.7,8,9,8,7,7,7,7,7,7,7,8,9,2.1,3.7,0.7,0,1,0.5,0,0,0,0,0.6,1.3,0.82,91.8,Placed,2026-04-04 18:00:00
231FA04377,CSE-DS,2027,7.13,Yes,2,6,1,5.8,9.5,7.5,8,6.2,6.9,7.6,4.9,6,6.2,5.5,7.3,7,8,9,6,8,7,7,7,7,6,7,7,1.2,0,1.5,0,1.8,0.1,0,2.1,1,0,1.5,0,0.77,92.3,Placed,2026-04-05 00:00:00
231FA04378,CSE,2027,9.34,No,0,4,4,7.3,9.1,6,7.7,6.3,5.2,8.1,8.2,8.1,5.7,7.5,8.1,7,8,8,7,9,6,7,7,7,7,8,7,0,0,2,0,2.7,0.8,0,0,0,1.3,0.5,0,0.61,93.9,Not Placed,2026-04-05 06:00:00
231FA04379,CSE-DS,2027,8.39,Yes,5,5,3,8.6,8.2,8.6,8.8,7.5,8,8.7,7.9,8.9,8.5,6.6,5.8,9,8,9,7,8,7,6,8,7,7,9,9,0.4,0,0.4,0,0.5,0,0,0.1,0,0,2.4,3.2,0.58,94.2,Placed,2026-04-05 12:00:00
231FA04380,CSE,2027,7.41,Yes,5,5,3,7.2,5.7,7.3,7.2,8.8,7.9,8.4,6.6,9.1,8.3,7.8,5,8,7,8,8,8,7,7,7,8,7,8,8,0.8,1.3,0.7,0.8,0,0,0,0.4,0,0,0.2,3,0.6,94,Placed,2026-04-05 18:00:00
231FA04381,CSE,2027,5.78,Yes,8,5,2,8.3,9,6.8,6.9,6.2,4.8,6.1,8.9,8.2,5.9,6.1,9.5,7,8,8,8,9,7,7,7,6,7,8,8,0,0,1.2,1.1,2.8,2.2,0.9,0,0,1.1,1.9,0,0.93,90.7,Placed,2026-04-06 00:00:00
231FA04382,CSE-AIML,2027,9.37,No,0,2,1,5.6,6,6.4,5.2,6.2,6.2,5.8,8.6,5.4,6.7,5.8,6.6,9,8,8,7,8,7,7,6,7,8,9,7,3.4,2,1.6,1.8,1.8,0.8,1.2,0,1.6,1.3,3.2,0.4,1.59,84.1,Not Placed,2026-04-06 06:00:00
231FA04383,CSE-AIML,2027,6.61,No,0,4,5,5.7,7,7.3,8.7,6.2,8.9,5.9,6.6,9.1,10,9,6.6,8,8,9,7,9,6,8,7,8,7,7,8,2.3,1,1.7,0,2.8,0,2.1,0.4,0,0,0,1.4,0.98,90.2,Not Placed,2026-04-06 12:00:00
231FA04384,CSE-DS,2027,6.42,Yes,5,5,0,7.4,7.6,7.2,5.5,7.1,6.2,5.6,6.4,7.2,8,6.5,6.7,8,8,9,7,8,7,7,8,7,7,9,8,0.6,0.4,1.8,1.5,0.9,0.8,1.4,1.6,0,0,2.5,1.3,1.07,89.3,Placed,2026-04-06 18:00:00
231FA04385,CSE-AIML,2027,8.42,No,0,3,4,8.1,7.2,7.5,7.2,7.3,5.7,7.2,8.8,7.3,6,8.9,8,7,8,8,6,8,7,8,8,7,7,7,8,0,0.8,0.5,0,0.7,1.3,0.8,0,0,1,0,0,0.42,95.8,Placed,2026-04-07 00:00:00
231FA04386,CSE-DS,2027,9.48,Yes,2,6,1,8.6,8.5,6.2,8.4,9.3,7,5.2,8.1,7.6,5.7,8.4,8.3,7,8,7,7,8,8,6,7,8,7,8,7,0,0,0.8,0,0,1,0.8,0,0.4,1.3,0,0,0.36,96.4,Not Placed,2026-04-07 06:00:00
231FA04387,CSE,2027,8.69,No,0,4,5,5.5,9.7,8.3,5,8.3,8.3,9.1,6.5,8.4,7,6.6,6.2,7,9,8,7,8,6,7,7,7,7,8,8,1.5,0,0,2,0,0,0,0.5,0,0,1.4,1.8,0.6,94,Placed,2026-04-07 12:00:00
231FA04388,CSE,2027,8.07,Yes,3,5,2,4.9,7.9,6.9,3.9,7.4,8.7,5.6,6.4,7.8,4.1,6.6,7.7,9,8,7,7,8,6,7,7,7,7,8,8,4.1,0.1,0.1,3.1,0.6,0,1.4,0.6,0,2.9,1.4,0.3,1.22,87.8,Placed,2026-04-07 18:00:00
231FA04389,CSE-AIML,2027,8.1,No,0,3,3,6.2,5.3,5.4,4.9,6.1,8.2,9.9,7,7.9,5.7,4.3,9.2,8,8,8,7,7,8,6,8,8,6,9,8,1.8,2.7,2.6,2.1,0.9,0,0,1,0.1,0.3,4.7,0,1.35,86.5,Placed,2026-04-08 00:00:00
231FA04390,CSE-DS,2027,8.29,Yes,4,2,5,6.5,8.1,7.4,8.4,8.4,7.5,7.7,8.7,6.7,9.1,6.3,7.3,8,8,8,6,8,7,7,7,7,7,8,8,1.5,0,0.6,0,0,0,0,0,0.3,0,1.7,0.7,0.4,96,Placed,2026-04-08 06:00:00
231FA04391,CSE-DS,2027,8.22,Yes,3,4,1,7.9,5.1,8.8,7.7,10,9.7,7.1,9.3,8.2,7.4,5,5.3,7,8,8,6,8,7,7,7,7,7,9,8,0,2.9,0,0,0,0,0,0,0,0,4,2.7,0.8,92,Placed,2026-04-08 12:00:00
231FA04392,CSE,2027,7.86,Yes,4,2,3,7,6.3,7.2,8.7,8,6.1,8.1,5.8,5.5,7.4,5.9,6.1,8,9,7,7,8,7,8,7,7,6,8,8,1,2.7,0,0,0,0.9,0,1.2,1.5,0,2.1,1.9,0.94,90.6,Not Placed,2026-04-08 18:00:00
231FA04393,CSE,2027,7.73,Yes,8,3,1,8.1,7.7,6.4,4.9,6,9.3,8.1,8.7,7.2,6.4,8,8.5,8,8,7,7,9,8,6,8,7,6,9,8,0,0.3,0.6,2.1,3,0,0,0,0,0,1,0,0.58,94.2,Placed,2026-04-09 00:00:00
231FA04394,CSE-AIML,2027,7.6,Yes,4,2,3,6.3,6,5,6,7.7,6.2,8.1,9.4,6.9,6.9,7.6,6.2,8,8,8,8,7,7,7,8,7,7,9,8,1.7,2,3,2,0,0.8,0,0,0.1,0.1,1.4,1.8,1.08,89.2,Not Placed,2026-04-09 06:00:00
231FA04395,CSE,2027,7.08,Yes,6,3,0,5.9,5.9,5.2,7.8,6.1,8.1,7.3,6.6,7.7,5.5,5.7,7.6,9,7,8,7,7,7,8,8,7,7,8,9,3.1,1.1,2.8,0,0.9,0,0.7,1.4,0,1.5,2.3,1.4,1.27,87.3,Placed,2026-04-09 12:00:00
231FA04396,CSE-DS,2027,7.44,No,0,1,4,3.9,6.6,7.4,8.3,8.5,6.5,7.6,5.6,6.1,8.3,6.6,6.8,7,9,8,7,9,7,6,7,8,7,8,7,3.1,2.4,0.6,0,0.5,0.5,0,1.4,1.9,0,1.4,0.2,1,90,Placed,2026-04-09 18:00:00
231FA04397,CSE-DS,2027,6.38,Yes,8,4,1,5.4,7.3,7.7,7.6,5.2,8,5.5,6.7,4.7,6.5,5.5,6.2,8,8,7,7,8,7,6,7,7,6,8,8,2.6,0.7,0,0,2.8,0,0.5,0.3,2.3,0,2.5,1.8,1.12,88.8,Placed,2026-04-10 00:00:00
231FA04398,CSE,2027,7.58,Yes,3,3,3,7.1,8.1,8,4.1,7.9,7.3,6.3,5.9,6.9,7.3,7.5,6.8,8,8,7,7,8,7,6,7,7,7,8,8,0.9,0,0,2.9,0.1,0,0,1.1,0.1,0,0.5,1.2,0.57,94.3,Placed,2026-04-10 06:00:00
231FA04399,CSE-AIML,2027,6.91,Yes,6,6,2,4,6.5,5.7,9.7,7.2,8.1,8,7.5,6.6,6.5,4.6,7.3,7,8,9,7,9,8,7,7,7,7,8,8,3,1.5,3.3,0,1.8,0,0,0,0.4,0.5,3.4,0.7,1.22,87.8,Placed,2026-04-10 12:00:00
231FA04400,CSE-AIML,2027,6.82,Yes,5,2,2,7,6.6,6.8,5.2,6.3,5.9,7.5,6.7,5.9,6.5,5.4,6.3,8,8,8,7,7,6,6,8,7,6,8,8,1,1.4,1.2,1.8,0.7,0.1,0,1.3,1.1,0,2.6,1.7,1.08,89.2,Not Placed,2026-04-10 18:00:00
231FA04401,CSE,2027,7.78,Yes,10,3,5,7.9,5.6,7.1,6.3,5.6,9.5,8.8,6.5,6.9,4.7,5.2,5.8,9,8,8,7,7,7,7,7,8,7,8,8,1.1,2.4,0.9,0.7,1.4,0,0,0.5,1.1,2.3,2.8,2.2,1.28,87.2,Placed,2026-04-11 00:00:00
231FA04402,CSE-DS,2027,8.69,Yes,4,4,7,7.6,7.5,8.1,8.5,8,6.3,8.1,8.5,7.1,5.4,9.2,7.8,7,8,8,7,8,8,7,7,7,7,7,7,0,0.5,0,0,0,1.7,0,0,0,1.6,0,0,0.32,96.8,Placed,2026-04-11 06:00:00
231FA04403,CSE,2027,8.34,Yes,2,7,5,4.3,10,7.2,10,8.3,7.6,8,6.9,7.9,10,6.7,8.5,8,8,8,7,8,7,6,8,7,7,8,8,3.7,0,0.8,0,0,0,0,1.1,0,0,1.3,0,0.57,94.3,Not Placed,2026-04-11 12:00:00
231FA04404,CSE-DS,2027,6.47,Yes,2,5,4,6.2,6.9,9.6,7.8,8,7.2,10,5.9,5.1,9.2,6.6,7.6,8,9,9,8,8,7,7,7,7,7,8,9,1.8,2.1,0,0.2,0,0,0,1.1,1.9,0,1.4,1.4,0.83,91.7,Placed,2026-04-11 18:00:00
231FA04405,CSE,2027,6.91,Yes,8,2,4,9,7.4,9.6,7,6,3.9,7.2,4,7.2,8.7,6.8,7.1,8,8,8,7,9,7,7,7,6,7,8,8,0,0.6,0,0,3,3.1,0,3,0,0,1.2,0.9,0.98,90.2,Placed,2026-04-12 00:00:00
231FA04406,CSE-DS,2027,8.36,Yes,5,3,2,8.2,7.9,8.5,7.1,4.3,8.6,6.8,6,7.5,7.3,6.2,5.5,8,8,7,8,8,8,8,7,8,7,9,8,0,0.1,0,0.9,3.7,0,1.2,1,0.5,0,2.8,2.5,1.06,89.4,Placed,2026-04-12 06:00:00
231FA04407,CSE,2027,6.91,Yes,8,2,4,7.4,5.8,7,7.3,8.1,9.5,7.1,6.3,8.9,8.2,7.1,7.1,8,8,8,7,8,7,8,6,7,6,8,8,0.6,2.2,1,0,0,0,0.9,0,0,0,0.9,0.9,0.54,94.6,Placed,2026-04-12 12:00:00
231FA04408,CSE,2027,7.48,Yes,3,4,3,7.1,7.3,7,5.9,7.1,9.3,6.1,6.8,6,8.6,8.2,5.5,9,8,8,8,8,8,7,7,7,7,8,7,1.9,0.7,1,2.1,0.9,0,0.9,0.2,1,0,0,1.5,0.85,91.5,Not Placed,2026-04-12 18:00:00
231FA04409,CSE-DS,2027,8.06,No,0,4,1,4.3,8,5.2,7.9,6.1,7.7,7.4,6.2,5.8,7.6,6,8.3,7,7,8,7,7,6,8,7,6,6,8,8,2.7,0,2.8,0,0.9,0,0.6,0.8,0.2,0,2,0,0.83,91.7,Placed,2026-04-13 00:00:00
231FA04410,CSE,2027,6.92,Yes,2,3,2,5.8,7.2,6.3,6.8,5.9,6.6,3.6,5.8,6.1,6.7,8.4,5.9,8,8,8,7,9,7,7,7,7,7,8,8,2.2,0.8,1.7,0.2,3.1,0.4,3.4,1.2,0.9,0.3,0,2.1,1.36,86.4,Not Placed,2026-04-13 06:00:00
231FA04411,CSE,2027,7.73,No,0,5,6,9.1,6.2,5.9,5,8.1,7.4,8,7.5,7.3,7.7,10,6.7,8,9,9,7,8,8,8,7,6,6,8,8,0,2.8,3.1,2,0,0.6,0,0,0,0,0,1.3,0.82,91.8,Not Placed,2026-04-13 12:00:00
231FA04412,CSE-DS,2027,6.65,Yes,6,4,4,9.6,8.1,7.5,7.7,3,6.7,6.2,9.7,6.6,7,7,5.4,8,9,8,7,9,8,6,6,7,8,8,8,0,0.9,0.5,0,6,1.3,0,0,0.4,1,1,2.6,1.14,88.6,Placed,2026-04-13 18:00:00
231FA04413,CSE-DS,2027,7.2,No,0,3,1,5.9,7.6,3.9,7,5.5,8.2,7.1,4.7,6.1,7.1,6.2,6.8,7,7,8,8,9,6,8,7,7,7,8,9,1.1,0,4.1,1,3.5,0,0.9,2.3,0.9,0,1.8,2.2,1.48,85.2,Placed,2026-04-14 00:00:00
231FA04414,CSE-AIML,2027,7.89,No,0,4,2,6.9,8,7.5,6.9,6.9,5.6,8.8,10,6.5,7,8.2,8.2,8,8,8,7,8,8,6,7,6,7,8,8,1.1,0,0.5,0.1,1.1,2.4,0,0,0,0,0,0,0.43,95.7,Not Placed,2026-04-14 06:00:00
231FA04415,CSE-AIML,2027,6.46,Yes,6,5,0,7,5.6,9.1,7.6,7.1,5.9,6.9,4.5,7.7,8,7.1,5.6,7,7,8,8,8,7,8,7,7,6,8,8,0,1.4,0,0.4,0.9,1.1,1.1,2.5,0,0,0.9,2.4,0.89,91.1,Not Placed,2026-04-14 12:00:00
231FA04416,CSE,2027,7.98,No,0,4,1,7.4,7.8,5.9,8,7.5,6.5,6.2,6.6,5.6,7.2,7.6,8.3,9,8,8,7,9,7,8,7,6,7,8,9,1.6,0.2,2.1,0,1.5,0.5,1.8,0.4,0.4,0,0.4,0.7,0.8,92,Placed,2026-04-14 18:00:00
231FA04417,CSE,2027,7.64,Yes,4,2,3,7.3,7.4,6.6,5.8,6.4,8.7,7.7,7.4,4.6,7.3,5.2,5.3,7,8,8,7,8,7,8,7,7,6,8,8,0,0.6,1.4,1.2,1.6,0,0.3,0,2.4,0,2.8,2.7,1.08,89.2,Not Placed,2026-04-15 00:00:00
231FA04418,CSE,2027,8.06,Yes,8,2,2,5.5,5.9,8,7.2,5.7,6.2,7.5,7.8,7.1,5.5,6.4,9.9,8,7,8,8,9,7,6,7,7,6,7,8,2.5,1.1,0,0.8,3.3,0.8,0,0,0,0.5,0.6,0,0.8,92,Not Placed,2026-04-15 06:00:00
231FA04419,CSE-AIML,2027,7.82,No,0,3,4,5.4,7.4,9.6,6.6,9.2,6.1,4.5,6.2,6,4.9,6.4,8.2,8,8,8,7,8,6,8,7,7,7,8,7,2.6,0.6,0,0.4,0,0,3.5,0.8,1,2.1,1.6,0,1.05,89.5,Placed,2026-04-15 12:00:00
231FA04420,CSE-AIML,2027,8.67,No,0,3,3,6.3,6.6,8.7,6.1,7.8,4.9,5.8,6.8,8.5,5.9,5.9,7.4,8,8,8,7,7,7,8,7,7,6,8,8,1.7,1.4,0,0.9,0,2.1,2.2,0.2,0,0.1,2.1,0.6,0.94,90.6,Not Placed,2026-04-15 18:00:00
231FA04421,CSE-AIML,2027,7.74,Yes,6,2,3,7.5,5.6,6.3,8.3,5.5,7.4,6.3,8.7,7.7,8,6.3,8,8,8,8,7,9,7,7,6,6,7,7,9,0.5,2.4,1.7,0,3.5,0,0.7,0,0,0,0.7,1,0.88,91.2,Placed,2026-04-16 00:00:00
231FA04422,CSE-AIML,2027,7.33,Yes,4,6,6,8.6,8.2,7.2,7.8,5.3,9.8,6.8,7.1,5.9,8.4,8.2,7.2,8,8,9,7,8,6,6,7,7,8,7,9,0,0,1.8,0,2.7,0,0,0,1.1,0,0,1.8,0.62,93.8,Placed,2026-04-16 06:00:00
231FA04423,CSE,2027,7.74,Yes,4,4,2,4.2,6.2,7.7,7.4,7,6.6,5.1,8.3,5.3,6.8,5.8,8.3,8,7,7,7,7,8,7,7,7,7,8,9,3.8,0.8,0,0,0,1.4,1.9,0,1.7,0.2,2.2,0.7,1.06,89.4,Placed,2026-04-16 12:00:00
231FA04424,CSE,2027,8.06,Yes,12,6,6,8.4,7.3,8.6,5.8,7.6,6.4,9,8.2,8.5,7,8.6,6.3,7,8,9,8,7,8,7,8,8,7,9,8,0,0.7,0.4,2.2,0,1.6,0,0,0,0,0.4,1.7,0.58,94.2,Placed,2026-04-16 18:00:00
231FA04425,CSE,2027,7.69,No,0,6,1,5.8,6.8,5.9,7.9,6.4,5.7,5.5,7.9,3.9,5.8,8.8,6.6,9,8,8,7,8,7,7,6,7,8,8,8,3.2,1.2,2.1,0,1.6,1.3,1.5,0,3.1,2.2,0,1.4,1.47,85.3,Not Placed,2026-04-17 00:00:00
231FA04426,CSE,2027,7.68,Yes,6,3,4,8,7.7,6.9,5,5.5,5.4,7.7,8,6,7,7.1,7.2,8,9,9,7,8,7,8,7,6,7,8,8,0,1.3,2.1,2,2.5,1.6,0.3,0,0,0,0.9,0.8,0.96,90.4,Placed,2026-04-17 06:00:00
231FA04427,CSE,2027,7.12,Yes,6,5,1,6.1,9.1,7.9,7.1,6.4,6,7.5,6.4,7.2,4.6,6.3,6.9,9,8,9,6,9,8,7,6,6,8,8,8,2.9,0,1.1,0,2.6,2,0,0,0,3.4,1.7,1.1,1.23,87.7,Not Placed,2026-04-17 12:00:00
231FA04428,CSE-DS,2027,7.15,Yes,6,5,4,8.5,6.1,5.4,7.8,7.2,5.1,5.2,6.4,7.1,9,5.9,7.9,7,8,8,7,8,6,7,8,7,7,8,8,0,1.9,2.6,0,0.8,0.9,1.8,1.6,0,0,2.1,0.1,0.98,90.2,Not Placed,2026-04-17 18:00:00
231FA04429,CSE,2027,6.6,Yes,12,4,4,4.6,7.5,8.9,7.2,6.2,8.6,7.5,7.2,5.7,7.5,6.2,7.4,7,8,8,8,8,8,8,7,7,7,8,9,2.4,0.5,0,0.8,1.8,0,0.5,0,1.3,0,1.8,1.6,0.89,91.1,Placed,2026-04-18 00:00:00
231FA04430,CSE,2027,8.96,Yes,4,5,4,7.7,9,6.9,7.4,8.6,7.3,7.6,7.1,7.4,8.5,9.9,5.5,8,8,8,7,8,7,8,7,7,7,9,8,0.3,0,1.1,0,0,0,0.4,0,0,0,0,2.5,0.36,96.4,Placed,2026-04-18 06:00:00
231FA04431,CSE,2027,6.72,No,0,2,1,4.8,6.2,6.4,6.1,5.7,4.8,5.6,7.4,6.5,7.2,4.9,8.2,8,8,8,7,8,7,7,8,8,7,8,7,3.2,1.8,1.6,0.9,2.3,2.2,1.4,0.6,1.5,0,3.1,0,1.55,84.5,Not Placed,2026-04-18 12:00:00
231FA04432,CSE-AIML,2027,7.13,No,0,3,4,6.1,7.4,6.6,6.1,7.3,7.6,10,7.6,7.6,8.2,7.5,6.8,8,7,9,7,7,7,6,7,7,7,8,7,1.9,0,2.4,0.9,0,0,0,0,0,0,0.5,0.2,0.49,95.1,Placed,2026-04-18 18:00:00
231FA04433,CSE-AIML,2027,7.11,No,0,4,4,7.3,8,8.7,5,4.6,8.6,5.9,4.8,4.7,9.2,8,5.9,8,8,8,7,7,7,7,6,7,7,7,8,0.7,0,0,2,2.4,0,1.1,1.2,2.3,0,0,2.1,0.98,90.2,Not Placed,2026-04-19 00:00:00
231FA04434,CSE,2027,8.32,Yes,4,2,1,5.9,7,8,6.5,5.9,8.3,6.9,6.6,7.6,4.2,7.5,7.4,9,8,8,7,7,7,6,7,7,8,8,8,3.1,1,0,0.5,1.1,0,0,0.4,0,3.8,0.5,0.6,0.92,90.8,Placed,2026-04-19 06:00:00
231FA04435,CSE,2027,7.43,No,0,1,2,4.7,4,5.8,6.7,6.8,8.6,6.7,4.7,6.2,4.8,6.2,8.2,8,8,8,8,8,7,7,8,7,6,8,9,3.3,4,2.2,1.3,1.2,0,0.3,3.3,0.8,1.2,1.8,0.8,1.68,83.2,Not Placed,2026-04-19 12:00:00
231FA04436,CSE-AIML,2027,8.59,No,0,5,2,7.8,6.3,7.9,6.2,3.7,5.6,7.8,8.1,9.3,7.6,8.9,8,7,9,9,6,8,7,7,8,6,7,8,7,0,2.7,1.1,0,4.3,1.4,0,0,0,0,0,0,0.79,92.1,Placed,2026-04-19 18:00:00
231FA04437,CSE,2027,7.14,No,0,5,2,8.1,8.3,7.5,8.2,6,3.9,7.7,7.4,5.8,5.3,7.1,7.8,8,8,8,6,8,7,8,8,8,7,9,8,0,0,0.5,0,2,3.1,0.3,0.6,2.2,1.7,1.9,0.2,1.04,89.6,Placed,2026-04-20 00:00:00
231FA04438,CSE-DS,2027,7.86,Yes,3,5,4,8,6.1,6.4,8.2,7.5,8.7,7,8.3,7.3,6.5,8.6,6.2,8,7,8,7,9,7,7,7,7,7,8,9,0,0.9,1.6,0,1.5,0,0,0,0,0.5,0,2.8,0.61,93.9,Placed,2026-04-20 06:00:00
231FA04439,CSE-AIML,2027,7.02,Yes,4,2,0,6.6,6.8,6.4,7.8,7.3,7.1,6.6,8.9,8.4,7.7,7.5,5.8,8,9,9,7,8,8,7,6,7,7,8,8,1.4,2.2,2.6,0,0.7,0.9,0.4,0,0,0,0.5,2.2,0.91,90.9,Placed,2026-04-20 12:00:00
231FA04440,CSE,2027,9.26,Yes,10,4,2,7.3,8.2,8.7,8.5,8.1,9.9,7.2,8.7,8.5,7.9,8,8,9,7,9,7,8,6,7,8,6,7,9,9,1.7,0,0.3,0,0,0,0,0,0,0,1,1,0.33,96.7,Placed,2026-04-20 18:00:00
231FA04441,CSE,2027,6.76,Yes,2,5,2,6.1,7.5,7.9,7.4,4.7,5,6,6.9,6.1,7.8,8.5,8.7,7,8,8,8,7,7,6,6,8,8,9,8,0.9,0.5,0.1,0.6,2.3,2,0,0,1.9,0.2,0.5,0,0.75,92.5,Not Placed,2026-04-21 00:00:00
231FA04442,CSE-DS,2027,7.88,Yes,3,4,3,7.6,8.6,6.5,7,5.7,8.7,9.7,6.8,4.5,6,6.4,5.5,7,8,8,7,8,6,8,7,7,7,8,7,0,0,1.5,0,2.3,0,0,0.2,2.5,1,1.6,1.5,0.88,91.2,Placed,2026-04-21 06:00:00
231FA04443,CSE,2027,8.13,Yes,3,1,2,5.5,7.1,7.6,4.2,6.1,6.9,5.5,7.1,6.7,6.2,5.7,7.1,7,7,9,8,7,7,6,6,7,7,7,9,1.5,0,1.4,3.8,0.9,0.1,0.5,0,0.3,0.8,1.3,1.9,1.04,89.6,Placed,2026-04-21 12:00:00
231FA04444,CSE,2027,7.96,Yes,6,2,0,5.8,4.6,6.8,5.2,4.7,6.9,6.5,5.6,7,7.3,7,7,8,9,8,8,8,7,6,7,7,8,8,8,2.2,4.4,1.2,2.8,3.3,0.1,0,1.4,0,0.7,1,1,1.51,84.9,Not Placed,2026-04-21 18:00:00
231FA04445,CSE-DS,2027,7.51,No,0,7,3,5.3,8.9,8,6.1,7.3,7.5,7.2,9.5,4.9,5.4,4.4,7.4,8,9,9,6,8,7,6,7,8,8,7,8,2.7,0.1,1,0,0.7,0,0,0,3.1,2.6,2.6,0.6,1.12,88.8,Not Placed,2026-04-22 00:00:00
231FA04446,CSE-DS,2027,7.55,Yes,12,3,5,7.9,7.6,6.8,7.7,6.8,8.1,8.6,6,6.8,7,9,6.2,8,8,8,8,8,7,7,7,8,7,9,8,0.1,0.4,1.2,0.3,1.2,0,0,1,1.2,0,0,1.8,0.6,94,Placed,2026-04-22 06:00:00
231FA04447,CSE-DS,2027,7.68,Yes,5,5,4,8.7,5.5,8.9,8.4,7.2,8.5,6.7,6.2,9.5,6.7,8.2,8.7,8,7,7,7,9,7,8,7,7,7,9,8,0,1.5,0,0,1.8,0,1.3,0.8,0,0.3,0.8,0,0.54,94.6,Placed,2026-04-22 12:00:00
231FA04448,CSE-AIML,2027,7.54,No,0,5,4,8.1,7.9,8,8.4,7.5,7.1,5.4,7.5,8.4,5.8,6.8,7.7,8,8,8,8,9,7,7,8,7,7,8,8,0,0.1,0,0,1.5,0,1.6,0.5,0,1.2,1.2,0.3,0.53,94.7,Not Placed,2026-04-22 18:00:00
231FA04449,CSE,2027,8.37,No,0,4,3,9,5.6,8.1,6.6,6.3,5.9,6.3,7.7,6.8,8,5.7,8,8,8,7,6,7,8,7,7,7,7,8,7,0,2.4,0,0,0.7,2.1,0.7,0,0.2,0,2.3,0,0.7,93,Not Placed,2026-04-23 00:00:00
231FA04450,CSE,2027,9.31,No,0,2,2,7.5,5.1,8.8,7.4,7.9,8.4,8.2,6.8,7.9,4.7,7.5,9.1,7,8,7,7,8,7,6,6,8,8,8,7,0,2.9,0,0,0.1,0,0,0,0.1,3.3,0.5,0,0.58,94.2,Placed,2026-04-23 06:00:00
231FA04451,CSE-AIML,2027,7.23,No,0,3,2,5.8,7.8,8.9,7.5,7.9,4.7,5.5,8.5,7.9,7.3,6.3,7,8,9,8,8,9,7,8,7,8,6,8,8,2.2,1.2,0,0.5,1.1,2.3,2.5,0,0.1,0,1.7,1,1.05,89.5,Not Placed,2026-04-23 12:00:00
231FA04452,CSE-AIML,2027,6.62,Yes,6,4,2,9,6.7,7.7,7.7,6,6.1,8.8,7.6,6,6.5,5.6,8.2,8,7,9,7,8,7,7,6,6,6,8,8,0,0.3,1.3,0,2,0.9,0,0,0,0,2.4,0,0.58,94.2,Placed,2026-04-23 18:00:00
231FA04453,CSE,2027,7.58,No,0,6,2,6.8,6.8,8.1,5,7,7.1,6.7,6.4,6.2,7.4,5.8,7.3,8,9,7,7,7,6,8,6,7,6,8,8,1.2,2.2,0,2,0,0,1.3,0,0.8,0,2.2,0.7,0.87,91.3,Not Placed,2026-04-24 00:00:00
231FA04454,CSE-DS,2027,9.58,Yes,5,1,4,6.6,6.6,7.5,6.6,8.8,7.1,8.6,6.3,6.3,5.2,6.6,7,9,7,8,7,8,7,7,7,6,7,8,9,2.4,0.4,0.5,0.4,0,0,0,0.7,0,1.8,1.4,2,0.8,92,Placed,2026-04-24 06:00:00
231FA04455,CSE,2027,7.05,Yes,10,1,3,6.8,7.5,7.5,8.1,5.6,6.7,5.4,7.2,8.9,5.2,7.5,8,7,7,9,7,8,8,8,7,7,7,8,8,0.2,0,1.5,0,2.4,1.3,2.6,0,0,1.8,0.5,0,0.86,91.4,Not Placed,2026-04-24 12:00:00
231FA04456,CSE,2027,8.88,Yes,8,4,3,6.3,7.9,6.9,7.2,6.9,7.1,8.8,7.3,6.6,7.5,4.7,6.4,9,7,8,7,8,7,7,8,8,8,8,9,2.7,0,1.1,0,1.1,0,0,0.7,1.4,0.5,3.3,2.6,1.12,88.8,Placed,2026-04-24 18:00:00
231FA04457,CSE,2027,8.91,Yes,6,5,5,9.2,7.5,7.1,7.9,8.6,9.3,7.1,7.1,7.4,9,7.8,10,8,9,9,6,7,6,8,7,7,7,7,8,0,1.5,1.9,0,0,0,0.9,0,0,0,0,0,0.36,96.4,Placed,2026-04-25 00:00:00
231FA04458,CSE,2027,7.23,Yes,2,4,3,6.9,9.3,5.9,5.3,6.9,8.5,6.5,6.3,8.3,7.9,6.1,6,8,9,8,6,8,7,8,8,6,6,8,8,1.1,0,2.1,0.7,1.1,0,1.5,1.7,0,0,1.9,2,1.01,89.9,Not Placed,2026-04-25 06:00:00
231FA04459,CSE,2027,8.08,No,0,4,5,8.2,5.2,8.5,8.1,4.3,7.2,4.7,5.7,6.6,5.6,10,8.3,8,9,8,7,8,6,6,7,7,7,8,9,0,3.8,0,0,3.7,0,1.3,1.3,0.4,1.4,0,0.7,1.05,89.5,Not Placed,2026-04-25 12:00:00
231FA04460,CSE,2027,8.87,No,0,5,5,9.2,7.3,7.5,9.4,8,8.2,6.3,6.3,7.8,7.9,6.2,7.9,9,8,8,8,7,7,6,7,8,7,8,7,0,0.7,0.5,0,0,0,0,0.7,0.2,0,1.8,0,0.32,96.8,Placed,2026-04-25 18:00:00
231FA04461,CSE,2027,7.37,Yes,6,5,2,5.6,7.2,5.3,8.8,6.7,6.3,5.7,5.6,7.7,8.4,8.3,8.9,8,9,8,8,9,7,6,8,7,8,7,8,2.4,1.8,2.7,0,2.3,0.7,0.3,2.4,0,0,0,0,1.05,89.5,Not Placed,2026-04-26 00:00:00
231FA04462,CSE-AIML,2027,7.5,Yes,4,6,0,9.3,8.3,6.5,7.3,4.3,7.9,7.3,9.1,6.2,7.8,5.9,7,8,8,8,7,8,7,8,6,7,6,8,8,0,0,1.5,0,3.7,0,0.7,0,0.8,0,2.1,1,0.82,91.8,Not Placed,2026-04-26 06:00:00
231FA04463,CSE-AIML,2027,7.21,No,0,3,4,4.8,8.5,8.1,6.2,7.1,6.9,6.1,7,6.3,8,6.6,9.8,8,8,8,6,9,8,7,7,7,6,8,7,3.2,0,0,0,1.9,1.1,0.9,0,0.7,0,1.4,0,0.77,92.3,Not Placed,2026-04-26 12:00:00
231FA04464,CSE-AIML,2027,6.89,No,0,3,3,6.6,6.8,7.3,7.7,6.8,7.3,6.9,5.7,5.4,7.6,8.6,4.6,9,7,9,8,8,6,7,7,7,8,7,8,2.4,0.2,1.7,0.3,1.2,0,0.1,1.3,1.6,0.4,0,3.4,1.05,89.5,Placed,2026-04-26 18:00:00
231FA04465,CSE-DS,2027,7.16,Yes,10,5,2,5.3,5.3,8.1,8.2,5.9,9.8,6.6,8.9,8.1,5.9,6.6,6,8,8,7,8,8,8,6,7,7,7,7,9,2.7,2.7,0,0,2.1,0,0,0,0,1.1,0.4,3,1,90,Placed,2026-04-27 00:00:00
231FA04466,CSE,2027,6.73,No,0,2,4,4.9,6.3,5.1,6.4,9,7.5,5.9,5.8,6.1,9.2,5.2,6.6,9,8,7,6,8,7,7,7,7,7,7,8,4.1,1.7,1.9,0,0,0,1.1,1.2,0.9,0,1.8,1.4,1.18,88.2,Placed,2026-04-27 06:00:00
231FA04467,CSE,2027,7.68,Yes,4,4,0,7.5,8.4,6.5,5.7,7.3,8.6,6.6,5.9,7.1,4.9,6.6,8.4,9,8,8,6,8,7,8,7,8,7,8,9,1.5,0,1.5,0.3,0.7,0,1.4,1.1,0.9,2.1,1.4,0.6,0.96,90.4,Placed,2026-04-27 12:00:00
231FA04468,CSE-DS,2027,7.07,Yes,6,2,1,7.7,6.5,8.7,9,7.5,4.8,4.3,8.4,6.9,8.7,5,6.4,7,7,8,7,8,7,7,7,7,7,8,7,0,0.5,0,0,0.5,2.2,2.7,0,0.1,0,3,0.6,0.8,92,Placed,2026-04-27 18:00:00
231FA04469,CSE,2027,7.83,No,0,5,2,8.3,6.1,8.3,6.9,7.1,5.5,7.3,9.8,7.5,6,8.8,6.1,8,9,8,7,8,7,7,8,7,7,7,7,0,2.9,0,0.1,0.9,1.5,0,0,0,1,0,0.9,0.61,93.9,Placed,2026-04-28 00:00:00
231FA04470,CSE-DS,2027,6.48,Yes,3,5,2,9.1,5.4,7.3,8.9,5.9,7.1,8.4,4.1,8.1,6.8,8.8,5.9,7,9,9,6,8,7,6,7,8,7,8,7,0,3.6,1.7,0,2.1,0,0,2.9,0,0.2,0,1.1,0.97,90.3,Placed,2026-04-28 06:00:00
231FA04471,CSE,2027,7.9,Yes,3,4,2,5.4,6.4,6.4,6.9,6.5,4.6,7,7.4,6.9,7.5,7.2,5.4,9,8,8,7,7,8,6,7,7,6,8,8,3.6,1.6,1.6,0.1,0.5,3.4,0,0,0.1,0,0.8,2.6,1.19,88.1,Not Placed,2026-04-28 12:00:00
231FA04472,CSE-DS,2027,8.28,No,0,6,4,7,7.5,7.1,5.5,8.9,6.2,5.8,7.4,7,8.1,8.5,8.3,8,9,8,6,9,6,7,7,7,7,8,8,1,1.5,0.9,0.5,0.1,0,1.2,0,0,0,0,0,0.43,95.7,Placed,2026-04-28 18:00:00
231FA04473,CSE,2027,6.15,No,0,3,5,6.7,7.4,4.7,8.1,6.2,9.2,8.1,6.4,6.7,8.2,3.9,6.5,8,8,7,7,8,7,7,6,7,7,8,7,1.3,0.6,2.3,0,1.8,0,0,0,0.3,0,4.1,0.5,0.91,90.9,Placed,2026-04-29 00:00:00
231FA04474,CSE-DS,2027,7.93,Yes,8,4,0,9.1,8,5.9,7.4,5.7,6.5,7.4,7.6,7.9,8.5,5.5,7,7,8,9,7,8,8,6,7,7,8,9,9,0,0,3.1,0,2.3,1.5,0,0,0,0,3.5,2,1.03,89.7,Placed,2026-04-29 06:00:00
231FA04475,CSE,2027,8.57,Yes,3,2,0,5.8,6.4,5.9,7.5,8.2,8.2,5.5,6.7,5.4,5.4,6,7.3,8,8,7,7,8,7,7,7,6,7,7,8,2.2,1.6,1.1,0,0,0,1.5,0.3,0.6,1.6,1,0.7,0.88,91.2,Placed,2026-04-29 12:00:00
231FA04476,CSE-DS,2027,6.74,Yes,6,3,2,7.4,7.6,7.5,5.7,8.2,7.8,6.3,6.3,5.9,5.2,7.6,7.8,9,7,9,6,8,7,6,7,7,7,9,9,1.6,0,1.5,0.3,0,0,0,0.7,1.1,1.8,1.4,1.2,0.8,92,Placed,2026-04-29 18:00:00
231FA04477,CSE,2027,8.9,No,0,5,3,6.2,5.8,6.1,7.5,5.6,8.7,8.7,7.9,8.3,7.4,7.9,5.7,8,8,8,8,8,7,6,8,7,7,8,9,1.8,2.2,1.9,0.5,2.4,0,0,0.1,0,0,0.1,3.3,1.03,89.7,Placed,2026-04-30 00:00:00
231FA04478,CSE-AIML,2027,7.96,Yes,4,4,1,8.8,6.4,6.9,10,6.8,8,7.7,5.4,5.8,9.6,7.8,7,9,8,9,8,9,7,7,7,6,6,8,7,0.2,1.6,2.1,0,2.2,0,0,1.6,0.2,0,0.2,0,0.68,93.2,Placed,2026-04-30 06:00:00
231FA04479,CSE-DS,2027,7.12,Yes,5,3,2,6.2,7.2,7.4,7.1,8.2,5.8,5.6,8.1,9.5,7.9,8.5,6.8,8,9,8,7,9,8,6,7,7,8,8,8,1.8,1.8,0.6,0,0.8,2.2,0.4,0,0,0.1,0,1.2,0.74,92.6,Not Placed,2026-04-30 12:00:00
231FA04480,CSE,2027,7.61,No,0,3,1,7,7,6.6,8.4,8.1,6.2,4.6,6.6,5.2,6.7,5.3,8.2,8,8,8,7,8,7,6,7,7,8,8,8,1,1,1.4,0,0,0.8,1.4,0.4,1.8,1.3,2.7,0,0.98,90.2,Not Placed,2026-04-30 18:00:00
231FA04481,CSE-AIML,2027,8.07,Yes,6,6,2,8.2,8.2,8.7,7.9,8.1,9.2,7.2,8.2,6.1,7.5,10,8.4,8,8,7,7,8,7,6,6,7,7,8,8,0,0,0,0,0,0,0,0,0.9,0,0,0,0.08,99.2,Placed,2026-05-01 00:00:00
231FA04482,CSE-AIML,2027,7.71,Yes,5,4,1,6.9,7.3,7,7.3,6.5,7.6,7.7,7,7.2,7.4,6.3,7.6,8,7,9,7,8,7,7,8,8,8,8,8,1.1,0,2,0,1.5,0,0,1,0.8,0.6,1.7,0.4,0.76,92.4,Not Placed,2026-05-01 06:00:00
231FA04483,CSE,2027,8.05,Yes,3,7,3,8.6,9.4,8,6.9,7.5,6.2,8.5,5,8.9,9,3.9,9.2,9,8,9,7,8,8,7,6,7,7,7,8,0.4,0,1,0.1,0.5,1.8,0,1,0,0,3.1,0,0.66,93.4,Placed,2026-05-01 12:00:00
231FA04484,CSE-AIML,2027,6.96,No,0,2,6,8.1,6.4,5.3,5.8,5.9,8.5,6.3,7.9,6.7,6.9,4.8,5.4,9,8,8,7,7,7,8,8,7,8,9,8,0.9,1.6,2.7,1.2,1.1,0,1.7,0.1,0.3,1.1,4.2,2.6,1.46,85.4,Not Placed,2026-05-01 18:00:00
231FA04485,CSE-AIML,2027,7.78,Yes,5,2,4,8.6,6.8,7.4,9.3,6.9,6.8,8.5,7,7.4,8.3,7,8,8,9,7,7,9,8,8,8,7,7,8,7,0,2.2,0,0,2.1,1.2,0,1,0,0,1,0,0.62,93.8,Placed,2026-05-02 00:00:00
231FA04486,CSE-DS,2027,6.59,Yes,10,3,2,6.6,8,7.3,6.5,6.8,3.7,8.2,5.2,5.4,6.2,4.5,7.3,8,9,8,8,8,7,8,8,6,8,8,8,1.4,1,0.7,1.5,1.2,3.3,0,2.8,0.6,1.8,3.5,0.7,1.54,84.6,Placed,2026-05-02 06:00:00
231FA04487,CSE,2027,7.57,No,0,2,2,7.1,6,5.8,5.7,7.4,4.6,6.1,4.7,7.6,6.2,7.3,8.2,8,8,8,7,8,7,8,7,8,7,8,8,0.9,2,2.2,1.3,0.6,2.4,1.9,2.3,0.4,0.8,0.7,0,1.29,87.1,Not Placed,2026-05-02 12:00:00
231FA04488,CSE,2027,6.97,Yes,6,2,0,8.1,5.3,6.9,7.9,7.4,7.5,4.3,7.4,5.5,7.4,7.3,7.3,9,8,8,7,8,7,7,7,7,6,8,9,0.9,2.7,1.1,0,0.6,0,2.7,0,1.5,0,0.7,1.7,0.99,90.1,Placed,2026-05-02 18:00:00
231FA04489,CSE-DS,2027,7.1,Yes,6,5,2,6.9,8.7,7.7,7.5,5.9,7.6,9.6,5.3,8,8.2,9.2,8,8,8,8,7,7,8,6,7,7,7,8,8,1.1,0,0.3,0,1.1,0.4,0,1.7,0,0,0,0,0.38,96.2,Placed,2026-05-03 00:00:00
231FA04490,CSE-DS,2027,8.58,Yes,12,4,2,7.3,7.8,6.9,8.8,5.3,6.6,7.8,8.7,7.2,6.3,7,6.8,9,8,8,6,8,7,8,6,7,7,8,8,1.7,0.2,1.1,0,2.7,0.4,0.2,0,0,0.7,1,1.2,0.77,92.3,Placed,2026-05-03 06:00:00
231FA04491,CSE,2027,8.47,Yes,8,5,0,6.8,6.7,6.7,5,7.6,8,9.1,8.3,8.2,7.6,5,7.5,7,8,8,6,9,7,6,7,7,7,8,8,0.2,1.3,1.3,1,1.4,0,0,0,0,0,3,0.5,0.72,92.8,Not Placed,2026-05-03 12:00:00
231FA04492,CSE-AIML,2027,8.11,Yes,5,4,3,7.4,8.5,8,7.1,9.7,8.3,7.7,7.8,7.3,7.3,4.5,6.1,8,8,7,7,8,7,8,8,7,6,8,7,0.6,0,0,0,0,0,0.3,0.2,0,0,3.5,0.9,0.46,95.4,Placed,2026-05-03 18:00:00
231FA04493,CSE,2027,6.83,Yes,6,3,2,6.1,7.3,4.7,6.1,6,6.9,7.4,6,6.1,5.9,6.3,6.7,8,8,8,7,7,8,7,6,7,6,9,8,1.9,0.7,3.3,0.9,1,1.1,0,0,0.9,0.1,2.7,1.3,1.16,88.4,Placed,2026-05-04 00:00:00
231FA04494,CSE,2027,7.41,Yes,10,1,2,8.3,5.4,8.9,5.1,7.9,6.1,5.5,8.3,6.8,6.7,6.3,5.9,8,9,9,8,8,8,6,7,8,6,8,8,0,3.6,0.1,2.9,0.1,1.9,0.5,0,1.2,0,1.7,2.1,1.17,88.3,Not Placed,2026-05-04 06:00:00
231FA04495,CSE,2027,8.56,Yes,4,6,3,7.4,3.5,5.3,8.1,9.1,9.3,6.4,7.8,4.8,7.1,8.6,7.6,9,8,9,7,9,6,7,7,7,6,7,8,1.6,4.5,3.7,0,0,0,0.6,0,2.2,0,0,0.4,1.08,89.2,Not Placed,2026-05-04 12:00:00
231FA04496,CSE,2027,7.76,No,0,3,1,6.3,6.7,8.3,6.4,6.8,8.6,6.4,4.6,8.4,8,3.9,6.5,8,8,7,7,8,8,7,7,7,8,8,7,1.7,1.3,0,0.6,1.2,0,0.6,2.4,0,0,4.1,0.5,1.03,89.7,Placed,2026-05-04 18:00:00
231FA04497,CSE-AIML,2027,9.39,No,0,3,7,7.5,9.2,7.5,7.7,7.7,6.9,9.1,6.5,6.9,7.5,5.8,9.7,8,8,8,6,8,7,7,7,7,7,8,9,0.5,0,0.5,0,0.3,0.1,0,0.5,0.1,0,2.2,0,0.35,96.5,Placed,2026-05-05 00:00:00
231FA04498,CSE,2027,7.94,No,0,4,3,7,8,5.8,7.9,8,8.2,9.4,6.3,6.8,6,6.9,7.8,9,8,9,7,7,7,7,8,6,7,8,8,2,0,3.2,0,0,0,0,1.7,0,1,1.1,0.2,0.77,92.3,Not Placed,2026-05-05 06:00:00
231FA04499,CSE-DS,2027,7.79,No,0,2,5,7.7,8.9,7.5,6.9,5.5,8,6.7,8,6.4,8.4,7.4,8.1,8,8,8,8,8,6,7,7,7,8,9,7,0.3,0,0.5,1.1,2.5,0,0.3,0,0.6,0,1.6,0,0.58,94.2,Placed,2026-05-05 12:00:00
231FA04500,CSE-DS,2027,7.42,Yes,3,3,1,7.3,5.7,6.4,5.2,7.1,5,7.2,2.3,7.8,5.4,5.6,8.5,8,8,8,7,8,7,6,7,6,6,8,8,0.7,2.3,1.6,1.8,0.9,2,0,4.7,0,0.6,2.4,0,1.42,85.8,Not Placed,2026-05-05 18:00:00
231FA04501,CSE-AIML,2027,7.75,No,0,2,4,7.2,7.9,5.6,8,6.6,7,8.7,5.4,8,7.3,6.5,5.4,7,8,8,7,8,8,7,7,6,7,8,9,0,0.1,2.4,0,1.4,1,0,1.6,0,0,1.5,3.6,0.97,90.3,Not Placed,2026-05-06 00:00:00
231FA04502,CSE,2027,7.54,Yes,5,3,1,6.6,5.8,8.3,7,6,5.1,6.3,8.4,7,6.6,9,6.3,8,7,8,7,8,7,7,7,7,7,9,9,1.4,1.2,0,0,2,1.9,0.7,0,0,0.4,0,2.7,0.86,91.4,Placed,2026-05-06 06:00:00
231FA04503,CSE,2027,8.18,No,0,5,2,6.1,7.6,7.6,6.4,6.1,8.9,6.6,5.3,7.3,8.2,6.9,7.8,9,9,8,7,7,7,8,8,7,7,9,9,2.9,1.4,0.4,0.6,0.9,0,1.4,2.7,0,0,2.1,1.2,1.13,88.7,Placed,2026-05-06 12:00:00
231FA04504,CSE-DS,2027,8.37,No,0,3,1,5.5,7.6,5.6,7.2,7.8,6.9,5.3,5.3,8.8,5.9,7.8,7,8,9,8,7,8,8,8,8,7,7,8,8,2.5,1.4,2.4,0,0.2,1.1,2.7,2.7,0,1.1,0.2,1,1.27,87.3,Placed,2026-05-06 18:00:00
231FA04505,CSE-AIML,2027,7.06,No,0,2,3,5.3,5.9,8.7,10,6.2,6.1,4.5,4.5,5.5,6,6.6,7.5,8,8,8,8,8,7,6,8,8,7,8,7,2.7,2.1,0,0,1.8,0.9,1.5,3.5,2.5,1,1.4,0,1.45,85.5,Not Placed,2026-05-07 00:00:00
231FA04506,CSE,2027,6.65,No,0,3,3,6.9,7.5,5.9,6.5,6.2,5,4.2,5.8,3.5,5.2,7.3,6.9,9,9,8,8,8,8,7,7,7,7,7,8,2.1,1.5,2.1,1.5,1.8,3,2.8,1.2,3.5,1.8,0,1.1,1.87,81.3,Placed,2026-05-07 06:00:00
231FA04507,CSE-DS,2027,6.27,Yes,6,7,4,7.3,8.8,6.4,8.2,6.3,7.7,7.5,7.6,6.8,7.7,7.8,5.5,9,9,8,7,8,6,6,7,6,6,8,8,1.7,0.2,1.6,0,1.7,0,0,0,0,0,0.2,2.5,0.66,93.4,Placed,2026-05-07 12:00:00
231FA04508,CSE-DS,2027,8.03,Yes,6,5,2,8.3,5.7,6.2,7.6,8,7.5,7.7,5.8,6.6,4.7,6.1,5.6,9,7,8,8,8,7,8,8,7,6,8,9,0.7,1.3,1.8,0.4,0,0,0.3,2.2,0.4,1.3,1.9,3.4,1.14,88.6,Placed,2026-05-07 18:00:00
231FA04509,CSE-DS,2027,6.82,Yes,2,4,2,6.9,9.8,7.9,4.1,5,5.3,4.7,6.6,7.2,5.3,6.6,7.2,8,9,8,7,8,7,7,7,7,7,8,9,1.1,0,0.1,2.9,3,1.7,2.3,0.4,0,1.7,1.4,1.8,1.37,86.3,Placed,2026-05-08 00:00:00
231FA04510,CSE-AIML,2027,6.04,Yes,6,4,3,7.7,7,7.2,6.8,5.6,5.8,5.2,8.7,5,8,5,7.8,7,9,8,7,9,7,6,7,7,7,8,9,0,2,0.8,0.2,3.4,1.2,0.8,0,2,0,3,1.2,1.22,87.8,Placed,2026-05-08 06:00:00
231FA04511,CSE-AIML,2027,7.94,Yes,5,2,3,8.2,8.4,5.7,7.2,6.2,5.9,7,8,6.2,7.4,5.8,5.7,9,8,8,8,8,7,6,8,7,7,7,7,0.8,0,2.3,0.8,1.8,1.1,0,0,0.8,0,1.2,1.3,0.84,91.6,Placed,2026-05-08 12:00:00
231FA04512,CSE,2027,9.52,No,0,3,3,6.8,6.9,8,5.6,9.9,5,7.5,6.8,6.4,7,8,8.2,8,9,8,6,9,7,7,7,7,6,9,8,1.2,2.1,0,0.4,0,2,0,0.2,0.6,0,1,0,0.62,93.8,Placed,2026-05-08 18:00:00
231FA04513,CSE-DS,2027,7.65,No,0,2,2,6.4,7,5,6.4,7.1,3.8,6.7,6.4,8.2,6.8,7.2,6.3,9,8,8,7,8,7,8,7,8,7,8,7,2.6,1,3,0.6,0.9,3.2,1.3,0.6,0,0.2,0.8,0.7,1.24,87.6,Placed,2026-05-09 00:00:00
231FA04514,CSE-DS,2027,8.28,Yes,5,2,2,7.7,7.7,5.3,7.3,8.4,8.2,7,7.4,8.1,5.5,7.5,4.5,9,9,8,7,8,7,6,6,7,7,9,8,1.3,1.3,2.7,0,0,0,0,0,0,1.5,1.5,3.5,0.98,90.2,Placed,2026-05-09 06:00:00
231FA04515,CSE,2027,7.71,No,0,4,4,8.1,6.6,6.9,6.3,7,7.4,8,8.7,7.1,5,8.7,5.2,8,8,9,7,7,8,7,8,7,7,8,8,0,1.4,2.1,0.7,0,0.6,0,0,0,2,0,2.8,0.8,92,Not Placed,2026-05-09 12:00:00
231FA04516,CSE,2027,7.58,No,0,4,2,6.3,6.2,6.9,5.3,5.2,6.8,5.9,8.5,6.2,5.6,8.9,7.4,7,9,7,7,8,6,7,7,6,8,7,8,0.7,2.8,0.1,1.7,2.8,0,1.1,0,0,2.4,0,0.6,1.02,89.8,Not Placed,2026-05-09 18:00:00
231FA04517,CSE,2027,8.34,No,0,4,2,10,4.6,7.3,7.6,7,6.6,8.6,7.6,4.9,5.9,5.6,6.9,8,8,8,7,8,7,7,7,6,8,8,8,0,3.4,0.7,0,1,0.4,0,0,1.1,2.1,2.4,1.1,1.02,89.8,Not Placed,2026-05-10 00:00:00
231FA04518,CSE-DS,2027,7.43,No,0,2,2,7.8,6.1,6.3,5.4,7.5,8.1,6.5,8.6,5.9,4.8,7.6,6.5,8,9,8,6,9,6,8,8,7,7,8,7,0.2,2.9,1.7,0.6,1.5,0,1.5,0,1.1,2.2,0.4,0.5,1.05,89.5,Placed,2026-05-10 06:00:00
231FA04519,CSE-DS,2027,7.85,Yes,4,4,1,6.3,7.1,5,4.8,7.1,7.6,8.8,8.1,7.8,8.6,7.6,6.6,9,8,7,8,8,7,7,6,8,7,8,7,2.7,0.9,2,3.2,0.9,0,0,0,0.2,0,0.4,0.4,0.89,91.1,Placed,2026-05-10 12:00:00
231FA04520,CSE,2027,7.89,No,0,3,0,7.8,7.7,6.6,5.1,4.4,7.7,7.2,7.4,7.7,5.5,4.3,7.3,7,9,8,7,7,8,7,7,7,7,7,7,0,1.3,1.4,1.9,2.6,0.3,0,0,0,1.5,2.7,0,0.98,90.2,Not Placed,2026-05-10 18:00:00
231FA04521,CSE-AIML,2027,7.15,No,0,4,2,8.3,7.2,4.9,7.1,5.4,4.8,6.8,7,6.6,7.3,5.8,6.9,8,7,7,7,7,6,8,7,8,8,9,8,0,0,2.1,0,1.6,1.2,1.2,0,1.4,0.7,3.2,1.1,1.04,89.6,Not Placed,2026-05-11 00:00:00
231FA04522,CSE,2027,8.39,Yes,4,4,5,6.9,7.1,7.8,8.8,7.8,8.2,7.5,8.1,8.8,9.8,9,7.4,9,8,7,7,9,7,7,7,6,8,8,8,2.1,0.9,0,0,1.2,0,0,0,0,0,0,0.6,0.4,96,Not Placed,2026-05-11 06:00:00
231FA04523,CSE-DS,2027,7.52,Yes,2,3,4,8.5,7.8,6.3,7.8,5.7,7.8,9.3,8.1,8.6,6.6,7.7,8,8,8,9,7,9,6,6,8,7,7,8,8,0,0.2,2.7,0,3.3,0,0,0,0,0.4,0.3,0,0.58,94.2,Not Placed,2026-05-11 12:00:00
231FA04524,CSE-DS,2027,7.08,No,0,4,3,6.5,7.7,7.4,7.7,5.5,8.4,7.4,6.7,6.7,6.8,5.8,8.3,8,8,9,8,8,7,8,6,7,7,9,8,1.5,0.3,1.6,0.3,2.5,0,0.6,0,0.3,0.2,3.2,0,0.88,91.2,Placed,2026-05-11 18:00:00
231FA04525,CSE-DS,2027,8.05,Yes,6,5,5,8.7,8.8,9.4,7.7,5.4,8.3,8.2,9.5,8.9,7.7,7.3,8.8,7,8,7,7,9,7,7,7,7,6,8,8,0,0,0,0,3.6,0,0,0,0,0,0.7,0,0.36,96.4,Not Placed,2026-05-12 00:00:00
231FA04526,CSE,2027,6.98,No,0,4,0,3.3,6.9,7.8,6.4,6.1,6.9,8.3,7.1,5.7,8.1,8.3,5.6,7,7,9,7,8,7,6,7,6,8,8,9,3.7,0.1,1.2,0.6,1.9,0.1,0,0,0.3,0,0,3.4,0.94,90.6,Not Placed,2026-05-12 06:00:00
231FA04527,CSE,2027,7.67,No,0,2,0,10,6.5,7.7,7.4,5.6,5.9,6.6,4.1,7.5,4.1,6.5,5.6,8,7,9,7,8,7,7,8,6,7,9,9,0,0.5,1.3,0,2.4,1.1,0.4,3.9,0,2.9,2.5,3.4,1.53,84.7,Placed,2026-05-12 12:00:00
231FA04528,CSE,2027,7.64,Yes,6,6,3,8.1,4.6,5.3,6.6,8,7.7,8.7,7.5,7.4,6,7.1,7.4,8,9,7,7,8,7,8,6,7,7,8,7,0,4.4,1.7,0.4,0,0,0,0,0,1,0.9,0,0.7,93,Placed,2026-05-12 18:00:00
231FA04529,CSE,2027,8.46,Yes,4,3,0,4.4,5.8,7.5,7.2,6.6,6.2,4.8,4.2,6.6,8.8,7,8.2,8,7,8,8,8,7,8,7,7,7,8,9,3.6,1.2,0.5,0.8,1.4,0.8,3.2,2.8,0.4,0,1,0.8,1.38,86.2,Placed,2026-05-13 00:00:00
231FA04530,CSE-DS,2027,8.01,No,0,2,1,5.2,7,5.7,5.7,7.6,6.5,4.9,6.7,5.7,4.8,5.4,9.2,8,8,9,7,7,8,7,6,6,8,9,8,2.8,1,3.3,1.3,0,1.5,2.1,0,0.3,3.2,3.6,0,1.59,84.1,Placed,2026-05-13 06:00:00
231FA04531,CSE-DS,2027,7.63,Yes,4,1,1,8.1,4.1,6.4,6.5,6.3,5.8,7.6,7.8,7.9,7,7.4,6.2,8,8,7,7,7,6,7,6,7,6,8,8,0,3.9,0.6,0.5,0.7,0.2,0,0,0,0,0.6,1.8,0.69,93.1,Placed,2026-05-13 12:00:00
231FA04532,CSE-DS,2027,8.26,Yes,8,2,3,5.1,5,6,6.8,5.4,5.6,6.6,8.1,7.4,6,7.1,5.4,9,9,8,7,8,6,7,7,7,8,8,9,3.9,4,2,0.2,2.6,0.4,0.4,0,0,2,0.9,3.6,1.67,83.3,Not Placed,2026-05-13 18:00:00
231FA04533,CSE-DS,2027,8.69,Yes,8,5,3,6.4,5.4,8,7.1,7.3,8.5,6.2,8.1,10,6.3,5.5,5.9,7,8,9,8,8,7,7,7,7,6,8,8,0.6,2.6,1,0.9,0.7,0,0.8,0,0,0,2.5,2.1,0.93,90.7,Placed,2026-05-14 00:00:00
231FA04534,CSE-AIML,2027,8.07,Yes,5,3,2,7.5,9.2,9.2,8.1,8.1,7.6,7.9,7.4,6,9.2,8.7,6.1,8,8,7,6,8,6,7,8,7,7,7,7,0.5,0,0,0,0,0,0,0.6,1,0,0,0.9,0.25,97.5,Not Placed,2026-05-14 06:00:00
231FA04535,CSE-AIML,2027,7.66,No,0,3,2,7.6,8.6,7.3,6.5,8.5,7.1,6,5.3,3.1,9.2,5.7,8,8,8,9,7,8,7,7,7,7,6,8,8,0.4,0,1.7,0.5,0,0,1,1.7,3.9,0,2.3,0,0.96,90.4,Placed,2026-05-14 12:00:00
231FA04536,CSE-DS,2027,6.67,Yes,4,5,2,5.8,7.2,7.6,5.4,8.2,6.7,7.7,8.8,7.9,6.9,9.4,6.9,7,8,8,7,9,7,7,8,6,6,9,7,1.2,0.8,0.4,1.6,0.8,0.3,0,0,0,0,0,0.1,0.43,95.7,Placed,2026-05-14 18:00:00
231FA04537,CSE-DS,2027,6.85,No,0,1,0,6.3,6,4.7,4.5,5.5,4.9,5.8,7.2,5.7,6.5,5.6,9.4,7,7,7,7,8,7,7,6,6,7,8,7,0.7,1,2.3,2.5,2.5,2.1,1.2,0,0.3,0.5,2.4,0,1.29,87.1,Not Placed,2026-05-15 00:00:00
231FA04538,CSE,2027,7.42,Yes,4,2,2,8.7,6.5,7.1,5.1,6.5,6,7.7,5.6,8.9,6.7,5.7,6.8,8,8,8,7,7,7,7,7,7,7,7,7,0,1.5,0.9,1.9,0.5,1,0,1.4,0,0.3,1.3,0.2,0.75,92.5,Placed,2026-05-15 06:00:00
231FA04539,CSE,2027,7.19,Yes,3,3,4,7.9,7.7,7.2,8.1,8,8,6.7,6.7,6.8,6.4,7.2,7,8,9,8,7,7,7,7,8,8,8,8,9,0.1,1.3,0.8,0,0,0,0.3,1.3,1.2,1.6,0.8,2,0.78,92.2,Placed,2026-05-15 12:00:00
231FA04540,CSE,2027,7.51,No,0,3,4,9,6.3,5.6,7.7,7,6,7.9,6.5,8.8,5.7,6.2,7,7,8,8,7,8,7,6,8,7,7,9,7,0,1.7,2.4,0,1,1,0,1.5,0,1.3,2.8,0,0.98,90.2,Not Placed,2026-05-15 18:00:00
231FA04541,CSE-DS,2027,7.69,No,0,3,5,8.7,6.1,7.5,5.5,8.1,6.2,7.8,7.8,4.7,7.3,6.4,7.6,8,8,8,8,9,7,6,7,8,7,8,8,0,1.9,0.5,2.5,0.9,0.8,0,0,3.3,0,1.6,0.4,0.99,90.1,Placed,2026-05-16 00:00:00
231FA04542,CSE-AIML,2027,8.05,Yes,5,4,1,6,6.3,8.6,8.5,5.8,9.3,3.8,7.3,5.5,7.5,6.7,5.8,9,8,9,6,7,6,7,8,8,7,8,7,3,1.7,0.4,0,1.2,0,3.2,0.7,2.5,0,1.3,1.2,1.27,87.3,Placed,2026-05-16 06:00:00
231FA04543,CSE,2027,7.6,Yes,8,2,3,6,5.9,7,8.1,9.3,6.7,7.3,8.4,6.3,5.9,9.3,6.7,8,7,8,8,7,7,7,8,7,7,8,8,2,1.1,1,0,0,0.3,0,0,0.7,1.1,0,1.3,0.62,93.8,Placed,2026-05-16 12:00:00
231FA04544,CSE-AIML,2027,8.01,Yes,3,2,2,7.2,4.9,6.2,9.3,7.5,6.9,8.6,4.8,6.4,9.7,6.8,6.8,9,8,7,7,8,7,7,7,7,8,8,9,1.8,3.1,0.8,0,0.5,0.1,0,2.2,0.6,0,1.2,2.2,1.04,89.6,Not Placed,2026-05-16 18:00:00
231FA04545,CSE-AIML,2027,7.7,Yes,4,5,1,8.6,8.7,5.5,7.7,9.3,6.3,6.7,7.2,8,5.3,3.2,7.4,7,8,8,7,8,7,7,7,8,7,7,9,0,0,2.5,0,0,0.7,0.3,0,0,1.7,3.8,1.6,0.88,91.2,Placed,2026-05-17 00:00:00
231FA04546,CSE,2027,6.17,No,0,2,1,7.7,5.9,5.5,6,8.3,5.4,7,4.8,4.9,7.3,8.3,7.4,9,8,9,7,9,7,6,7,7,8,8,7,1.3,2.1,3.5,1,0.7,1.6,0,2.2,2.1,0.7,0,0,1.27,87.3,Not Placed,2026-05-17 06:00:00
231FA04547,CSE,2027,6.95,Yes,8,3,2,4.2,6.3,7.1,6.9,4.4,5.2,5.8,6.7,4.4,7.6,6.7,5.5,8,8,7,7,8,7,7,7,7,7,8,8,3.8,1.7,0,0.1,3.6,1.8,1.2,0.3,2.6,0,1.3,2.5,1.58,84.2,Not Placed,2026-05-17 12:00:00
231FA04548,CSE-AIML,2027,7.54,Yes,4,2,1,7,4.9,6.7,4.5,4.7,6.2,5.8,7.2,6.7,9.4,6.4,2.6,7,8,8,6,8,7,6,8,7,8,8,8,0,3.1,1.3,1.5,3.3,0.8,0.2,0.8,0.3,0,1.6,5.4,1.52,84.8,Placed,2026-05-17 18:00:00
231FA04549,CSE,2027,6.74,Yes,5,4,1,4.3,5.3,10,6.8,8.2,8.1,5.2,4.6,7.6,4,8,6.7,8,8,8,6,7,7,7,8,8,7,8,8,3.7,2.7,0,0,0,0,1.8,3.4,0.4,3,0,1.3,1.36,86.4,Placed,2026-05-18 00:00:00
231FA04550,CSE-AIML,2027,8.1,No,0,3,2,7.6,7.2,7.3,7,7.2,6.9,5.1,6.3,9.6,7.2,8.3,5.6,9,9,8,7,8,6,6,7,7,7,8,8,1.4,1.8,0.7,0,0.8,0,0.9,0.7,0,0,0,2.4,0.73,92.7,Placed,2026-05-18 06:00:00
231FA04551,CSE,2027,8.8,No,0,4,1,5.8,5.5,5.4,5,7.3,6.6,8.1,6.6,4,7.6,4.5,7.3,9,7,9,7,7,8,7,6,6,6,8,8,3.2,1.5,3.6,2,0,1.4,0,0,2,0,3.5,0.7,1.49,85.1,Placed,2026-05-18 12:00:00
231FA04552,CSE-DS,2027,8.56,Yes,3,3,4,6.3,7.6,5.5,8.3,7.3,6.9,5.2,9.6,6.2,7.6,6.1,10,8,9,9,7,8,7,8,7,7,8,9,9,1.7,1.4,3.5,0,0.7,0.1,2.8,0,0.8,0.4,2.9,0,1.19,88.1,Placed,2026-05-18 18:00:00
231FA04553,CSE-AIML,2027,7.49,No,0,1,1,6.6,5.6,7.2,7.3,6.9,6,6.9,6.2,6.4,5.4,4.6,7.1,8,7,8,6,7,6,7,7,8,6,8,8,1.4,1.4,0.8,0,0.1,0,0.1,0.8,1.6,0.6,3.4,0.9,0.92,90.8,Not Placed,2026-05-19 00:00:00
231FA04554,CSE-AIML,2027,8.77,Yes,6,5,1,8.1,9,7.4,7.1,5.6,7.3,7.8,5.1,8.7,6.4,7.1,8.1,7,7,8,7,8,8,7,7,6,7,8,8,0,0,0.6,0,2.4,0.7,0,1.9,0,0.6,0.9,0,0.59,94.1,Placed,2026-05-19 06:00:00
231FA04555,CSE-DS,2027,7.76,Yes,5,4,3,7.2,8.9,8,7,3.3,8.4,5.7,8.2,7.8,6.9,8.4,7.8,8,9,8,7,8,7,6,7,7,6,8,8,0.8,0.1,0,0,4.7,0,0.3,0,0,0,0,0.2,0.51,94.9,Not Placed,2026-05-19 12:00:00
231FA04556,CSE,2027,7.4,No,0,1,3,7,4.4,6.6,5,5.2,6.1,8.4,7,7.1,7.5,5.4,4.6,8,8,8,7,8,7,7,7,6,8,7,9,1,3.6,1.4,2,2.8,0.9,0,0,0,0.5,1.6,4.4,1.52,84.8,Not Placed,2026-05-19 18:00:00
231FA04557,CSE,2027,7.19,No,0,2,1,4.3,6.7,7.7,7.6,5.4,8.2,9,7.2,8.3,7.5,6.2,5.6,9,8,8,7,8,8,7,8,7,7,8,8,4.7,1.3,0.3,0,2.6,0,0,0.8,0,0,1.8,2.4,1.16,88.4,Placed,2026-05-20 00:00:00
231FA04558,CSE,2027,7.42,No,0,5,2,4.9,6.4,6.6,6.7,6.8,4.1,7.9,8.1,7.4,5.5,7.4,7,8,8,8,7,8,7,7,8,8,7,7,7,3.1,1.6,1.4,0.3,1.2,2.9,0,0,0.6,1.5,0,0,1.05,89.5,Placed,2026-05-20 06:00:00
231FA04559,CSE-AIML,2027,7.36,Yes,3,3,3,7.6,8.9,6.7,7.2,5.9,8.1,7.9,7.2,5.7,6.1,4.7,6.1,7,9,7,7,7,8,6,7,6,7,9,9,0,0.1,0.3,0,1.1,0,0,0,0.3,0.9,4.3,2.9,0.82,91.8,Placed,2026-05-20 12:00:00
231FA04560,CSE-AIML,2027,7.78,Yes,6,4,2,8,7.6,7.3,9,7.5,6.4,6.2,6.8,6.5,8.3,7.6,6.7,7,9,8,7,7,8,7,7,6,6,8,8,0,1.4,0.7,0,0,1.6,0.8,0.2,0,0,0.4,1.3,0.53,94.7,Placed,2026-05-20 18:00:00
231FA04561,CSE-AIML,2027,7.77,No,0,2,3,6.4,7.6,8,4.4,6.5,6.8,7.4,6.9,7.2,6.4,5.7,7.7,9,8,7,7,8,7,7,7,6,7,8,7,2.6,0.4,0,2.6,1.5,0.2,0,0.1,0,0.6,2.3,0,0.86,91.4,Placed,2026-05-21 00:00:00
231FA04562,CSE,2027,7.65,Yes,5,4,3,8.2,8,8.2,5.9,6.5,8.5,7.6,7.2,6.8,8.7,4.9,7.5,9,8,7,7,7,7,7,7,8,7,8,7,0.8,0,0,1.1,0.5,0,0,0,1.2,0,3.1,0,0.56,94.4,Placed,2026-05-21 06:00:00
231FA04563,CSE,2027,7.98,Yes,6,4,3,7.1,5.7,9.2,3.9,7.4,7.9,6,7.6,6.9,8.5,10,7.6,9,9,8,8,9,7,7,6,7,7,9,7,1.9,3.3,0,4.1,1.6,0,1,0,0.1,0,0,0,1,90,Placed,2026-05-21 12:00:00
231FA04564,CSE,2027,8.54,Yes,2,7,2,8.4,6.4,7.9,7.1,8.6,5.8,6.3,9.1,7.9,9.3,8.1,8.2,8,8,8,7,7,7,7,7,7,6,8,8,0,1.6,0.1,0,0,1.2,0.7,0,0,0,0,0,0.3,97,Placed,2026-05-21 18:00:00
231FA04565,CSE,2027,8.36,No,0,5,5,7,7.1,8.6,7.2,8.9,7.2,5.9,5.8,7.2,8.5,6.5,8.3,9,8,7,8,8,7,7,7,6,7,8,8,2,0.9,0,0.8,0,0,1.1,1.2,0,0,1.5,0,0.62,93.8,Placed,2026-05-22 00:00:00
231FA04566,CSE-AIML,2027,6.54,Yes,3,3,3,6.9,7.6,6.4,7,8,6.8,6.2,4.5,7.5,5.8,6.2,5.5,7,9,8,7,7,7,7,7,7,7,7,7,0.1,1.4,1.6,0,0,0.2,0.8,2.5,0,1.2,0.8,1.5,0.84,91.6,Not Placed,2026-05-22 06:00:00
231FA04567,CSE,2027,5.73,Yes,6,2,4,6.3,9.2,7,5.8,6,4.8,5.2,5,6.9,7.2,6.7,7.1,7,9,8,7,9,7,7,7,7,7,8,8,0.7,0,1,1.2,3,2.2,1.8,2,0.1,0,1.3,0.9,1.18,88.2,Not Placed,2026-05-22 12:00:00
231FA04568,CSE,2027,8.35,No,0,2,1,5.7,5.3,5.2,5.2,7.1,9.2,5.4,6.3,6.9,6.3,7.1,6,8,7,7,7,8,7,7,8,7,6,8,7,2.3,1.7,1.8,1.8,0.9,0,1.6,1.7,0.1,0,0.9,1,1.15,88.5,Not Placed,2026-05-22 18:00:00
231FA04569,CSE-DS,2027,6.62,Yes,6,5,0,6,6.6,7.2,8.4,7.3,6.5,7.9,8.1,6.4,6.6,6.3,7.9,9,7,7,7,7,7,7,7,6,7,8,8,3,0.4,0,0,0,0.5,0,0,0,0.4,1.7,0.1,0.51,94.9,Not Placed,2026-05-23 00:00:00
231FA04570,CSE,2027,7.48,Yes,2,2,3,7,5.1,7.4,8.7,8.8,6.3,6,9.2,8.8,7.5,4.7,6.1,8,9,8,7,8,8,6,7,7,8,8,7,1,3.9,0.6,0,0,1.7,0,0,0,0.5,3.3,0.9,0.99,90.1,Not Placed,2026-05-23 06:00:00
231FA04571,CSE,2027,6.77,Yes,4,5,2,5.6,9.3,5.1,9.3,6.9,5.5,8.2,7.8,5.4,7,8.7,6.5,8,8,8,8,9,7,7,6,8,7,8,9,2.4,0,2.9,0,2.1,1.5,0,0,2.6,0,0,2.5,1.17,88.3,Placed,2026-05-23 12:00:00
231FA04572,CSE-AIML,2027,6.3,Yes,5,3,2,8.8,5.7,4.7,6.7,4.9,6.8,6.7,5.7,9,6.7,7.8,7.8,8,7,9,7,8,7,6,7,7,6,8,8,0,1.3,4.3,0.3,3.1,0.2,0,1.3,0,0,0.2,0.2,0.91,90.9,Not Placed,2026-05-23 18:00:00
231FA04573,CSE,2027,8.06,Yes,4,4,1,9.3,5.6,4.9,9.2,7.8,7.2,6.9,6.7,8.1,5.3,7.7,8.4,8,9,9,7,8,6,8,7,7,7,8,7,0,3.4,4.1,0,0.2,0,1.1,0.3,0,1.7,0.3,0,0.92,90.8,Placed,2026-05-24 00:00:00
231FA04574,CSE-AIML,2027,8.22,Yes,8,4,5,8.4,7.3,7.4,9,8.2,9.6,5.2,8.6,6.4,7.3,9.1,6.2,9,8,8,7,8,7,6,7,7,7,8,8,0.6,0.7,0.6,0,0,0,0.8,0,0.6,0,0,1.8,0.43,95.7,Placed,2026-05-24 06:00:00
231FA04575,CSE-DS,2027,7.22,No,0,3,3,9.4,8.1,7.5,5.6,6.5,6.3,5.2,8.1,6.2,6.5,6.6,6.5,8,8,8,7,8,7,7,7,7,8,7,8,0,0,0.5,1.4,1.5,0.7,1.8,0,0.8,1.5,0.4,1.5,0.84,91.6,Not Placed,2026-05-24 12:00:00
231FA04576,CSE-DS,2027,5.71,Yes,6,5,1,7.4,5.9,8,6,6.7,5.1,8.1,8.4,7.6,6.9,6.7,4.8,8,7,8,8,9,7,7,8,8,7,8,8,0.6,1.1,0,2,2.3,1.9,0,0,0.4,0.1,1.3,3.2,1.08,89.2,Not Placed,2026-05-24 18:00:00
231FA04577,CSE,2027,7.24,No,0,6,6,5.7,8.3,7.1,5.6,5.6,8.1,8.4,5.4,7.5,7.8,6.6,8.9,8,9,9,6,7,6,7,7,7,7,7,8,2.3,0.7,1.9,0.4,1.4,0,0,1.6,0,0,0.4,0,0.73,92.7,Not Placed,2026-05-25 00:00:00
231FA04578,CSE-DS,2027,7.94,Yes,4,6,2,6.9,5.2,7.1,9.1,6.9,6.1,8.2,7.7,7.4,8,6.5,6.6,8,7,8,8,7,6,8,6,8,8,9,8,1.1,1.8,0.9,0,0.1,0,0,0,0.6,0,2.5,1.4,0.7,93,Placed,2026-05-25 06:00:00
231FA04579,CSE,2027,6.54,Yes,3,2,0,7.4,5.2,8.5,8,5,8.3,6.6,8.2,6.6,6.2,6.1,3.4,8,8,9,6,7,7,7,7,6,6,8,7,0.6,2.8,0.5,0,2,0,0.4,0,0,0,1.9,3.6,0.98,90.2,Not Placed,2026-05-25 12:00:00
231FA04580,CSE,2027,7.79,Yes,4,4,5,8.5,6.5,8.5,9.4,6.6,6.5,8.6,6.8,9,6.5,9.1,7,8,8,8,7,7,7,7,7,6,7,7,8,0,1.5,0,0,0.4,0.5,0,0.2,0,0.5,0,1,0.34,96.6,Placed,2026-05-25 18:00:00
231FA04581,CSE,2027,7.64,Yes,4,4,0,7.3,8.1,7.5,8.2,5.1,6.4,7,6,8.1,6.3,6,8.1,8,9,8,6,8,7,6,7,8,7,8,8,0.7,0.9,0.5,0,2.9,0.6,0,1,0,0.7,2,0,0.78,92.2,Placed,2026-05-26 00:00:00
231FA04582,CSE-DS,2027,8.08,No,0,4,2,5.6,5.7,7.6,8.6,7.2,4.9,7.8,6.2,8.4,6.5,8.4,6.4,9,8,8,7,8,7,7,7,7,7,7,8,3.4,2.3,0.4,0,0.8,2.1,0,0.8,0,0.5,0,1.6,0.99,90.1,Placed,2026-05-26 06:00:00
231FA04583,CSE,2027,7.74,Yes,6,4,3,6.3,4.8,6.3,7.4,7.3,7.9,8.7,7.2,7.3,8.6,7.5,6,7,8,8,8,8,7,6,7,7,7,9,8,0.7,3.2,1.7,0.6,0.7,0,0,0,0,0,1.5,2,0.87,91.3,Not Placed,2026-05-26 12:00:00
231FA04584,CSE,2027,6.92,Yes,2,5,2,6.4,4.4,5.9,4.9,7.5,8.6,5.9,5.9,8.2,6.5,7.4,8,7,9,7,8,8,7,6,7,7,7,7,7,0.6,4.6,1.1,3.1,0.5,0,0.1,1.1,0,0.5,0,0,0.97,90.3,Not Placed,2026-05-26 18:00:00
231FA04585,CSE-AIML,2027,8.55,No,0,4,2,6.2,6.2,6.4,5.1,7.7,7.8,7.1,8.7,6.7,7.8,7.7,6.1,8,8,8,7,8,7,7,7,7,7,8,8,1.8,1.8,1.6,1.9,0.3,0,0,0,0.3,0,0.3,1.9,0.82,91.8,Not Placed,2026-05-27 00:00:00
231FA04586,CSE,2027,7.53,No,0,1,7,8.3,7,8.1,5.3,7,6.3,5.8,8.6,7.1,5,6.3,8.1,9,8,9,7,7,6,6,6,7,7,7,7,0.7,1,0.9,1.7,0,0,0.2,0,0,2,0.7,0,0.6,94,Not Placed,2026-05-27 06:00:00
231FA04587,CSE,2027,7.63,No,0,3,2,5.7,5.6,6.6,7.3,5.8,7.2,6.8,6.9,3.7,6.8,6.4,7.2,7,9,7,7,8,8,8,7,7,7,8,8,1.3,3.4,0.4,0,2.2,0.8,1.2,0.1,3.3,0.2,1.6,0.8,1.27,87.3,Placed,2026-05-27 12:00:00
231FA04588,CSE,2027,6.95,Yes,8,2,5,6.1,6.5,7.6,8.7,5.3,7.6,8.5,7.8,8.4,6.3,8.5,6,8,9,9,7,9,6,7,7,7,6,9,8,1.9,2.5,1.4,0,3.7,0,0,0,0,0,0.5,2,1,90,Placed,2026-05-27 18:00:00
231FA04589,CSE,2027,7.32,No,0,1,3,6.6,5.9,5.9,4.4,4.1,8,4.3,6.8,4.9,5.5,7.4,6.7,8,8,8,7,8,7,7,8,7,7,7,9,1.4,2.1,2.1,2.6,3.9,0,2.7,1.2,2.1,1.5,0,2.3,1.83,81.7,Placed,2026-05-28 00:00:00
231FA04590,CSE,2027,6.99,Yes,4,4,3,6.9,8.4,6.7,8.6,5.7,5.5,6.8,7,5.9,6.7,8.7,6.5,8,7,8,7,8,7,7,7,8,6,7,7,1.1,0,1.3,0,2.3,1.5,0.2,0,2.1,0,0,0.5,0.75,92.5,Placed,2026-05-28 06:00:00
231FA04591,CSE,2027,7.52,Yes,3,3,2,4.5,4.7,9.5,8.7,6.4,7.9,7.2,8.5,5.6,5.6,8.6,5.1,8,9,7,7,8,7,6,7,6,8,9,8,3.5,4.3,0,0,1.6,0,0,0,0.4,2.4,0.4,2.9,1.29,87.1,Not Placed,2026-05-28 12:00:00
231FA04592,CSE-AIML,2027,8.93,Yes,10,3,2,7.3,7.2,8.2,7.4,7,6.7,6,7,8.7,6.8,9,8.1,8,8,7,8,8,7,6,6,8,8,7,7,0.7,0.8,0,0.6,1,0.3,0,0,0,1.2,0,0,0.38,96.2,Not Placed,2026-05-28 18:00:00
231FA04593,CSE,2027,6.62,Yes,5,5,2,7.6,6.8,6.2,9.1,8,6.8,9.1,7.8,5.2,6.5,7.9,8.9,8,9,8,6,8,7,7,7,7,7,8,8,0.4,2.2,1.8,0,0,0.2,0,0,1.8,0.5,0.1,0,0.58,94.2,Placed,2026-05-29 00:00:00
231FA04594,CSE,2027,6.44,Yes,3,5,5,10,7.2,8,6.4,6.1,5.1,7.7,8.8,8.2,7.3,8.7,10,9,9,8,7,8,7,7,7,7,7,8,7,0,1.8,0,0.6,1.9,1.9,0,0,0,0,0,0,0.52,94.8,Placed,2026-05-29 06:00:00
231FA04595,CSE-DS,2027,8.75,Yes,5,2,2,6,4,7.5,8.4,5.1,8.1,6.6,7.5,5.9,5.8,5.7,7.9,8,9,8,7,7,7,7,6,7,7,8,8,2,5,0.5,0,1.9,0,0.4,0,1.1,1.2,2.3,0.1,1.21,87.9,Placed,2026-05-29 12:00:00
231FA04596,CSE,2027,7.49,No,0,7,5,6.7,7.8,7.5,6,7.5,7.7,8.8,9.3,6.2,7.9,4.7,8.5,8,9,8,7,9,7,7,7,6,8,8,8,1.3,1.2,0.5,1,1.5,0,0,0,0,0.1,3.3,0,0.74,92.6,Placed,2026-05-29 18:00:00
231FA04597,CSE-AIML,2027,7.15,Yes,12,1,5,8.2,3.5,6.4,5.7,6.4,6.2,6.8,8.1,6.5,5.6,6.6,6.5,8,8,8,6,8,6,6,7,6,6,7,8,0,4.5,1.6,0.3,1.6,0,0,0,0,0.4,0.4,1.5,0.86,91.4,Placed,2026-05-30 00:00:00
231FA04598,CSE,2027,8.43,Yes,3,3,2,7,6.3,7.6,8.7,5.5,7.7,8.3,6.6,8.7,7,5.7,5.5,8,8,8,7,9,7,8,8,6,7,8,8,1,1.7,0.4,0,3.5,0,0,1.4,0,0,2.3,2.5,1.07,89.3,Placed,2026-05-30 06:00:00
231FA04599,CSE,2027,7.2,Yes,10,4,3,8,7.9,9,7.9,6.9,7.7,7.2,6.6,6.4,4.9,6.1,7,8,7,8,7,7,7,8,7,7,7,9,8,0,0,0,0,0.1,0,0.8,0.4,0.6,2.1,2.9,1,0.66,93.4,Placed,2026-05-30 12:00:00
231FA04600,CSE,2027,9.02,No,0,6,4,4.2,6.9,8.7,9.2,6.9,6.8,6.6,6.8,9,9.6,5.4,6.5,8,8,8,7,9,7,6,6,7,8,8,8,3.8,1.1,0,0,2.1,0.2,0,0,0,0,2.6,1.5,0.94,90.6,Not Placed,2026-05-30 18:00:00
231FA04601,CSE,2027,8.16,Yes,10,2,3,4.7,7,6.4,7.5,7.8,7.7,5,7,4.9,9.2,6.6,5.3,9,8,8,6,8,7,7,7,6,7,8,7,4.3,1,1.6,0,0.2,0,2,0,1.1,0,1.4,1.7,1.11,88.9,Placed,2026-05-31 00:00:00
231FA04602,CSE,2027,7.28,Yes,6,7,2,6.7,7.6,8.3,9,7.4,6.9,8.2,8.2,7.5,8.4,6.6,7.3,9,8,8,7,8,7,7,7,6,7,8,9,2.3,0.4,0,0,0.6,0.1,0,0,0,0,1.4,1.7,0.54,94.6,Not Placed,2026-05-31 06:00:00
231FA04603,CSE,2027,9.27,No,0,3,6,4.9,9.1,6.8,9.1,6.6,7.8,7.5,6.6,8,9,9.6,8.3,9,7,8,8,8,7,8,6,7,7,9,8,4.1,0,1.2,0,1.4,0,0.5,0,0,0,0,0,0.6,94,Placed,2026-05-31 12:00:00
231FA04604,CSE,2027,7.2,No,0,4,1,5.2,4.9,8.1,5.5,7.5,6.9,8.3,7.3,6.7,9.3,7.7,7.4,8,8,8,7,8,6,7,6,7,6,7,8,2.8,3.1,0,1.5,0.5,0,0,0,0.3,0,0,0.6,0.73,92.7,Placed,2026-05-31 18:00:00
231FA04605,CSE,2027,8.21,Yes,6,2,3,6.2,5.6,6.7,5.1,6.6,8,8.2,6.6,10,8.6,7,8.4,9,8,8,6,8,6,6,8,6,7,8,8,2.8,2.4,1.3,0.9,1.4,0,0,1.4,0,0,1,0,0.93,90.7,Not Placed,2026-06-01 00:00:00
231FA04606,CSE,2027,7.87,No,0,5,3,6.4,7.4,6.7,5.6,7.8,7.1,7.2,7.1,6,9.1,7.4,6.8,7,8,8,6,9,7,7,6,7,7,9,8,0.6,0.6,1.3,0.4,1.2,0,0,0,1,0,1.6,1.2,0.66,93.4,Placed,2026-06-01 06:00:00
231FA04607,CSE,2027,8.63,No,0,5,3,5.6,9,8.4,7.3,5.7,9.3,6.8,6.4,7.2,7.7,7.1,3,8,8,9,7,8,7,7,6,7,7,8,7,2.4,0,0.6,0,2.3,0,0.2,0,0,0,0.9,4,0.87,91.3,Placed,2026-06-01 12:00:00
231FA04608,CSE,2027,8.82,No,0,3,2,7.3,8.1,5.9,8.9,8.1,7.6,5.7,7.3,7.4,6.9,8.1,6.5,8,8,7,7,7,7,8,6,6,7,7,8,0.7,0,1.1,0,0,0,2.3,0,0,0.1,0,1.5,0.47,95.3,Placed,2026-06-01 18:00:00
231FA04609,CSE,2027,7.67,Yes,6,4,5,7,6.5,6.7,7.1,7.1,7,8.5,9.2,5.7,9.2,8.2,6.2,7,8,8,7,8,7,7,7,6,8,8,8,0,1.5,1.3,0,0.9,0,0,0,0.3,0,0,1.8,0.48,95.2,Not Placed,2026-06-02 00:00:00
231FA04610,CSE-AIML,2027,7.08,No,0,2,2,6.1,6.9,4.4,6.4,7.2,5.6,4.7,6.8,9.3,5.6,5.7,6.3,8,8,8,6,8,7,7,6,7,8,8,8,1.9,1.1,3.6,0,0.8,1.4,2.3,0,0,2.4,2.3,1.7,1.46,85.4,Placed,2026-06-02 06:00:00
231FA04611,CSE,2027,7.99,Yes,3,4,1,9,5,8,6.5,6.6,5.8,6.7,5.8,6.4,4,4.9,7.5,8,8,9,7,8,6,7,6,7,7,7,8,0,3,1,0.5,1.4,0.2,0.3,0.2,0.6,3,2.1,0.5,1.07,89.3,Placed,2026-06-02 12:00:00
231FA04612,CSE-AIML,2027,7.14,Yes,8,5,2,8.7,10,8.2,6.4,4.6,7.8,5.3,6.1,8.2,7.5,5.9,5,8,8,8,7,8,6,7,6,7,7,8,8,0,0,0,0.6,3.4,0,1.7,0,0,0,2.1,3,0.9,91,Placed,2026-06-02 18:00:00
231FA04613,CSE-AIML,2027,9.16,Yes,5,3,1,7.4,7.6,9.1,4.1,7.3,8.3,6.6,5.2,6,7.2,6.6,7.6,9,8,8,8,9,7,7,8,7,8,8,8,1.6,0.4,0,3.9,1.7,0,0.4,2.8,1,0.8,1.4,0.4,1.2,88,Placed,2026-06-03 00:00:00
231FA04614,CSE,2027,7.75,Yes,8,3,0,8.4,6.3,8.3,6.7,7.2,6.7,7.3,7.5,7.6,6.8,2.6,7.6,8,9,8,8,8,8,7,7,8,6,9,8,0,2.7,0,1.3,0.8,1.3,0,0,0.4,0,6.4,0.4,1.11,88.9,Not Placed,2026-06-03 06:00:00
231FA04615,CSE-DS,2027,7.38,Yes,5,6,3,4.9,6.6,4.3,9.5,7.9,6.9,9.1,8,7.5,7.8,6.9,5.8,8,8,7,6,9,8,8,6,7,6,8,7,3.1,1.4,2.7,0,1.1,1.1,0,0,0,0,1.1,1.2,0.98,90.2,Not Placed,2026-06-03 12:00:00
231FA04616,CSE-DS,2027,7.79,No,0,6,3,8.4,7.1,5,7.9,7.3,9.3,7.6,5.7,5,8.8,7.1,6.1,8,8,8,7,7,8,7,6,7,7,9,8,0,0.9,3,0,0,0,0,0.3,2,0,1.9,1.9,0.83,91.7,Placed,2026-06-03 18:00:00
231FA04617,CSE,2027,6.64,Yes,10,2,4,5.9,8.4,7.4,8.2,7.1,5.7,9,6.3,7.8,8.1,6.8,5.4,8,8,9,7,8,7,7,8,6,7,7,8,2.1,0,1.6,0,0.9,1.3,0,1.7,0,0,0.2,2.6,0.87,91.3,Placed,2026-06-04 00:00:00
231FA04618,CSE,2027,6.92,Yes,4,2,1,5.8,7.5,7.3,8.2,8,5.4,8.4,5.3,7.3,9.6,7,4.4,7,8,7,8,9,7,6,7,7,6,9,8,1.2,0.5,0,0,1,1.6,0,1.7,0,0,2,3.6,0.97,90.3,Not Placed,2026-06-04 06:00:00
231FA04619,CSE-DS,2027,8.55,Yes,8,2,3,6.7,9.8,6.8,8.7,5.9,6.6,6.8,9.5,6.7,4.7,10,7.4,9,9,8,8,8,7,8,8,6,7,8,8,2.3,0,1.2,0,2.1,0.4,1.2,0,0,2.3,0,0.6,0.84,91.6,Placed,2026-06-04 12:00:00
231FA04620,CSE-AIML,2027,7.16,Yes,5,5,3,8,5.2,7.5,7.2,6,8,5,6,8.7,6.3,6.6,7.3,8,7,8,6,9,7,6,7,6,6,8,9,0,1.8,0.5,0,3,0,1,1,0,0,1.4,1.7,0.87,91.3,Not Placed,2026-06-04 18:00:00
231FA04621,CSE,2027,6.86,No,0,5,0,6.2,7.5,6.9,4.8,5.8,5.6,6.1,6.8,7.1,3.7,8,6.6,7,8,7,7,8,7,6,7,8,7,8,8,0.8,0.5,0.1,2.2,2.2,1.4,0,0.2,0.9,3.3,0,1.4,1.08,89.2,Placed,2026-06-05 00:00:00
231FA04622,CSE,2027,8.05,Yes,4,4,1,5.7,8.3,4.4,5.1,9.7,7.3,6.1,7.2,6.8,7.1,7.7,6.8,7,8,8,6,9,7,7,7,7,7,7,7,1.3,0,3.6,0.9,0,0,0.9,0,0.2,0,0,0.2,0.59,94.1,Placed,2026-06-05 06:00:00
231FA04623,CSE,2027,8.54,Yes,5,1,4,7.5,6.9,6,5.7,8.7,7.9,8.3,7.1,7.3,6.8,8.5,6.6,8,8,8,8,8,7,7,6,7,7,8,7,0.5,1.1,2,2.3,0,0,0,0,0,0.2,0,0.4,0.54,94.6,Not Placed,2026-06-05 12:00:00
231FA04624,CSE,2027,8.19,Yes,4,3,1,5.7,7.6,6.8,7.3,7.9,6.3,6.7,6.6,8.6,7,7.2,5.5,9,8,8,7,7,8,7,8,8,8,9,8,3.3,0.4,1.2,0,0,1.7,0.3,1.4,0,1,1.8,2.5,1.13,88.7,Placed,2026-06-05 18:00:00
231FA04625,CSE-AIML,2027,8.4,Yes,2,4,2,8.1,7.8,6.2,9.6,7.6,6.4,7.2,6.8,9.1,8.4,7.8,9.4,8,9,7,8,8,8,7,6,8,7,7,9,0,1.2,0.8,0,0.4,1.6,0,0,0,0,0,0,0.33,96.7,Not Placed,2026-06-06 00:00:00
231FA04626,CSE,2027,7.08,Yes,4,2,3,5.5,7.8,7.5,6.5,6.5,7.9,7.9,5,9.1,8.2,6.4,5.8,8,8,7,7,7,7,8,7,7,7,8,8,2.5,0.2,0,0.5,0.5,0,0.1,2,0,0,1.6,2.2,0.8,92,Not Placed,2026-06-06 06:00:00
231FA04627,CSE,2027,6.58,No,0,7,1,8.3,7.6,7.8,7.6,8.5,8,6.3,6.2,7.4,9.8,6.7,7.4,8,8,8,6,8,6,7,7,7,7,8,7,0,0.4,0.2,0,0,0,0.7,0.8,0,0,1.3,0,0.28,97.2,Placed,2026-06-06 12:00:00
231FA04628,CSE-AIML,2027,8.78,No,0,2,3,8.1,6.4,7.9,7,8.5,5.8,9.8,6.5,7.6,6.9,5.6,8,8,8,9,7,8,7,8,7,6,7,8,7,0,1.6,1.1,0,0,1.2,0,0.5,0,0.1,2.4,0,0.58,94.2,Not Placed,2026-06-06 18:00:00
231FA04629,CSE,2027,7.41,Yes,12,4,2,6.7,7.7,6,6.7,6.7,7.7,7.4,6.8,6.6,7.4,7.3,7.2,9,9,9,8,9,7,7,8,7,7,8,8,2.3,1.3,3,1.3,2.3,0,0,1.2,0.4,0,0.7,0.8,1.11,88.9,Placed,2026-06-07 00:00:00
231FA04630,CSE,2027,7.46,No,0,4,5,9.5,7.8,9.5,7,7,6.4,7.4,6.7,6.5,4.7,8.9,6.6,8,8,8,8,8,7,8,7,6,7,8,8,0,0.2,0,1,1,0.6,0.6,0.3,0,2.3,0,1.4,0.62,93.8,Not Placed,2026-06-07 06:00:00
231FA04631,CSE-AIML,2027,8.65,No,0,4,1,8.8,6.9,7.8,7.1,7.5,5.7,8.5,6.5,8.1,5.2,6,7.5,8,9,8,7,7,7,7,7,7,7,8,8,0,2.1,0.2,0,0,1.3,0,0.5,0,1.8,2,0.5,0.7,93,Not Placed,2026-06-07 12:00:00
231FA04632,CSE-DS,2027,8.07,No,0,4,1,6.7,7.4,7.1,9.2,7.5,6.3,6.4,8.4,5,7.6,5.5,8.3,8,8,8,8,7,6,7,8,7,7,8,8,1.3,0.6,0.9,0,0,0,0.6,0,2,0,2.5,0,0.66,93.4,Not Placed,2026-06-07 18:00:00
231FA04633,CSE,2027,7.99,Yes,6,2,5,6.6,7.8,7.2,5.4,7.9,6.2,8.1,5.9,7.4,7.2,6.4,8.9,8,7,8,7,8,7,7,8,7,7,8,8,1.4,0,0.8,1.6,0.1,0.8,0,2.1,0,0,1.6,0,0.7,93,Not Placed,2026-06-08 00:00:00
231FA04634,CSE,2027,9.27,Yes,8,3,0,7.2,6.6,7.5,5.3,10,5.8,7.8,7.2,8.6,7.3,6.3,4.8,8,8,9,6,7,8,7,7,8,6,8,8,0.8,1.4,1.5,0.7,0,2.2,0,0,0,0,1.7,3.2,0.96,90.4,Placed,2026-06-08 06:00:00
231FA04635,CSE,2027,7.17,Yes,12,1,2,4.4,6.3,8.3,4.5,8.9,8,4.9,5.3,5.4,7,6.5,6.5,8,8,7,6,9,7,7,7,7,7,9,7,3.6,1.7,0,1.5,0.1,0,2.1,1.7,1.6,0,2.5,0.5,1.27,87.3,Not Placed,2026-06-08 12:00:00
231FA04636,CSE,2027,8.35,No,0,2,2,6.1,7,7.8,6.6,5.9,8,6.5,7.5,6.6,8.1,8.3,8.3,8,8,8,7,7,7,6,7,8,6,8,8,1.9,1,0.2,0.4,1.1,0,0,0,1.4,0,0,0,0.5,95,Placed,2026-06-08 18:00:00
231FA04637,CSE,2027,7.69,No,0,2,3,6,6,7.8,6.6,6.7,5.8,8.5,8,6.6,5.9,5.9,6.9,8,8,8,7,8,7,7,7,8,8,8,7,2,2,0.2,0.4,1.3,1.2,0,0,1.4,2.1,2.1,0.1,1.07,89.3,Placed,2026-06-09 00:00:00
231FA04638,CSE,2027,7.85,Yes,4,5,1,7.6,6.1,5.6,7.2,8.2,7.2,6.8,5.7,6.4,8.2,5.6,9.4,7,7,7,8,9,7,6,8,6,8,8,8,0,0.9,1.4,0.8,0.8,0,0,2.3,0,0,2.4,0,0.72,92.8,Placed,2026-06-09 06:00:00
231FA04639,CSE,2027,8.8,Yes,12,5,4,7.7,5.6,8.2,8.1,7,8.8,6.8,8.4,7.5,7.2,9.3,8.8,8,9,7,7,7,6,7,7,8,7,8,8,0.3,3.4,0,0,0,0,0.2,0,0.5,0,0,0,0.37,96.3,Placed,2026-06-09 12:00:00
231FA04640,CSE,2027,8.03,No,0,5,4,5.8,7.7,9.6,8.9,6.1,9.2,8.4,5.9,7.5,7.8,5.9,8.1,8,8,7,6,8,7,7,7,7,7,9,8,2.2,0.3,0,0,1.9,0,0,1.1,0,0,3.1,0,0.72,92.8,Placed,2026-06-09 18:00:00
231FA04641,CSE,2027,8.05,No,0,3,2,9.9,8.5,7,6.5,7.2,5.6,6.2,4.4,7.4,6.4,7.6,7,9,8,9,7,8,6,7,7,6,8,7,9,0,0,2,0.5,0.8,0.4,0.8,2.6,0,1.6,0,2,0.89,91.1,Not Placed,2026-06-10 00:00:00
231FA04642,CSE,2027,8.45,No,0,1,2,5.4,6.9,5.8,8.7,5.6,6.1,5.4,5.3,6.7,5.1,6.4,7.2,8,8,8,7,8,6,6,8,7,7,8,8,2.6,1.1,2.2,0,2.4,0,0.6,2.7,0.3,1.9,1.6,0.8,1.35,86.5,Placed,2026-06-10 06:00:00
231FA04643,CSE,2027,7.38,No,0,2,2,6,3.8,8.2,6.9,6.9,6.3,7.6,7.7,7.9,6.9,4.9,7.1,7,8,8,7,8,7,8,6,8,6,8,8,1,4.2,0,0.1,1.1,0.7,0.4,0,0.1,0,3.1,0.9,0.97,90.3,Placed,2026-06-10 12:00:00
231FA04644,CSE,2027,7.02,Yes,3,7,2,7.6,6.6,6.3,8,7.2,6.8,9.4,8.1,7.8,8.8,7.7,6.4,8,8,8,7,8,8,7,7,7,6,8,8,0.4,1.4,1.7,0,0.8,1.2,0,0,0,0,0.3,1.6,0.62,93.8,Placed,2026-06-10 18:00:00
231FA04645,CSE,2027,6.87,Yes,12,1,5,6.3,7.7,7.6,7.4,5.4,7.8,6.7,7.5,5.8,9.3,7.1,6.3,8,8,8,8,7,7,7,8,8,7,8,9,1.7,0.3,0.4,0.6,1.6,0,0.3,0.5,2.2,0,0.9,2.7,0.93,90.7,Not Placed,2026-06-11 00:00:00
231FA04646,CSE-DS,2027,6.18,No,0,4,4,7.5,7.8,7.5,5.5,8.2,6.3,6.7,4,6.2,6.1,7.3,6.1,7,8,8,6,9,8,7,7,7,7,9,7,0,0.2,0.5,0.5,0.8,1.7,0.3,3,0.8,0.9,1.7,0.9,0.94,90.6,Not Placed,2026-06-11 06:00:00
231FA04647,CSE-AIML,2027,9.19,Yes,6,5,0,5.3,7.6,7,6.4,7.4,5.1,8.1,7.1,7,8.5,6.7,7.7,8,9,8,8,8,7,7,7,7,7,8,8,2.7,1.4,1,1.6,0.6,1.9,0,0,0,0,1.3,0.3,0.9,91,Placed,2026-06-11 12:00:00
231FA04648,CSE-AIML,2027,6.82,Yes,3,2,3,6.6,10,7.4,5.3,8.9,8,6.8,6.2,5.1,7.3,5.9,5.6,7,7,8,7,8,7,8,6,7,7,8,7,0.4,0,0.6,1.7,0,0,1.2,0,1.9,0,2.1,1.4,0.77,92.3,Not Placed,2026-06-11 18:00:00
231FA04649,CSE-AIML,2027,7.48,No,0,3,3,7.8,8.7,6.2,7.8,7.1,7.2,5.8,6.5,5.4,5.3,7.4,6.1,9,9,8,6,8,7,7,7,7,7,8,8,1.2,0.3,1.8,0,0.9,0,1.2,0.5,1.6,1.7,0.6,1.9,0.98,90.2,Placed,2026-06-12 00:00:00
231FA04650,CSE,2027,7.44,Yes,5,3,2,5.8,5.4,5,4.5,7,3.6,7.5,7.5,6.8,7,6.6,7.2,7,8,8,7,8,6,7,7,7,6,8,8,1.2,2.6,3,2.5,1,2.4,0,0,0.2,0,1.4,0.8,1.26,87.4,Placed,2026-06-12 06:00:00
231FA04651,CSE,2027,7.88,No,0,2,2,6.9,8.3,8.6,8.6,5.7,7.6,7.3,5.9,5.6,6.2,5.3,4.9,8,8,8,6,8,7,7,8,7,7,7,8,1.1,0,0,0,2.3,0,0,2.1,1.4,0.8,1.7,3.1,1.04,89.6,Not Placed,2026-06-12 12:00:00
231FA04652,CSE,2027,8.26,Yes,3,4,3,7.9,7.3,7.3,8.4,7,8.3,6.3,6.3,7.3,9.9,8.9,8.6,8,7,8,8,8,7,7,8,6,7,9,9,0.1,0,0.7,0,1,0,0.7,1.7,0,0,0.1,0.4,0.39,96.1,Placed,2026-06-12 18:00:00
231FA04653,CSE-AIML,2027,8.3,No,0,4,6,5.6,7.5,8.3,9.9,5.2,8.2,8.7,7.9,5.6,7.6,7.9,7.5,8,9,8,7,9,7,6,7,8,7,7,9,2.4,1.5,0,0,3.8,0,0,0,2.4,0,0,1.5,0.97,90.3,Placed,2026-06-13 00:00:00
231FA04654,CSE-AIML,2027,7.21,Yes,4,3,1,5.9,5.8,7.4,5.9,6,6.6,7,8.1,5.3,5.2,6.3,4.5,8,7,7,7,7,8,7,7,6,7,7,7,2.1,1.2,0,1.1,1,1.4,0,0,0.7,1.8,0.7,2.5,1.04,89.6,Placed,2026-06-13 06:00:00
231FA04655,CSE,2027,7.52,Yes,6,4,0,7.6,4.4,7.8,8.3,7.2,4.6,7,5.9,5.4,7.6,7.8,8.5,8,7,8,7,8,7,7,7,7,7,9,7,0.4,2.6,0.2,0,0.8,2.4,0,1.1,1.6,0,1.2,0,0.86,91.4,Placed,2026-06-13 12:00:00
231FA04656,CSE,2027,7.86,Yes,10,3,1,6.6,7.1,9,9.5,8.3,6.5,6.9,6.7,7.8,5.9,7.3,7.3,8,7,9,7,8,6,7,7,8,7,8,8,1.4,0,0,0,0,0,0.1,0.3,0.2,1.1,0.7,0.7,0.38,96.2,Placed,2026-06-13 18:00:00
231FA04657,CSE,2027,7.46,Yes,3,1,1,7.1,5.3,6.9,8.8,6,6.9,4.3,6.9,6.9,6.7,7.5,6.2,9,8,9,7,7,6,6,7,6,8,8,8,1.9,2.7,2.1,0,1,0,1.7,0.1,0,1.3,0.5,1.8,1.09,89.1,Placed,2026-06-14 00:00:00
231FA04658,CSE,2027,8.86,No,0,2,0,8.2,5.6,8.5,7,6.6,4.9,5.3,7.2,5.8,8,7.1,4.9,7,8,9,7,8,8,7,8,7,7,9,7,0,2.4,0.5,0,1.4,3.1,1.7,0.8,1.2,0,1.9,2.1,1.26,87.4,Not Placed,2026-06-14 06:00:00
231FA04659,CSE-AIML,2027,8.02,No,0,4,1,7.8,6.7,6.8,8.2,5.1,5.5,7.3,4.7,6.1,8.1,6.7,5.1,7,8,8,7,8,8,7,7,6,7,8,7,0,1.3,1.2,0,2.9,2.5,0,2.3,0,0,1.3,1.9,1.12,88.8,Placed,2026-06-14 12:00:00
231FA04660,CSE-AIML,2027,8.2,Yes,2,5,4,7.7,7,6.6,10,8.2,7.1,8.6,7.1,6.8,7.8,8.1,8.6,7,8,8,8,8,7,7,6,8,7,8,7,0,1,1.4,0,0,0,0,0,1.2,0,0,0,0.3,97,Placed,2026-06-14 18:00:00
231FA04661,CSE,2027,8.15,Yes,6,4,1,8.9,8.6,8.2,8.3,8.6,8,5.1,7.7,8.8,6.1,6.6,7,9,9,8,7,8,8,7,6,6,7,7,8,0.1,0.4,0,0,0,0,1.9,0,0,0.9,0.4,1,0.39,96.1,Placed,2026-06-15 00:00:00
231FA04662,CSE-DS,2027,8.53,Yes,6,3,6,7.7,6.8,7.5,8.1,4.9,7.5,7,5.3,8.2,7.8,7.7,8.2,9,8,8,7,7,7,7,7,8,7,8,7,1.3,1.2,0.5,0,2.1,0,0,1.7,0,0,0.3,0,0.59,94.1,Not Placed,2026-06-15 06:00:00
231FA04663,CSE-AIML,2027,7.79,Yes,3,4,1,7.4,6.1,7.9,8.1,5.7,8.1,6.7,7.8,7.2,6.8,7.7,6.6,7,9,8,8,8,6,6,7,6,6,7,8,0,2.9,0.1,0,2.3,0,0,0,0,0,0,1.4,0.56,94.4,Placed,2026-06-15 12:00:00
231FA04664,CSE,2027,6.68,No,0,2,2,7.8,8,5.8,6.2,6,6.9,8.1,4.4,4.7,6.3,6.7,5.3,7,7,8,7,8,7,8,8,7,7,8,9,0,0,2.2,0.8,2,0.1,0,3.6,2.3,0.7,1.3,3.7,1.39,86.1,Not Placed,2026-06-15 18:00:00
231FA04665,CSE,2027,7.95,No,0,4,3,7.2,6.1,6.5,8.6,6.6,6.6,7.2,8.4,7,6.3,7.7,8,9,9,7,6,9,7,7,7,6,6,9,8,1.8,2.9,0.5,0,2.4,0.4,0,0,0,0,1.3,0,0.78,92.2,Placed,2026-06-16 00:00:00
231FA04666,CSE,2027,7.16,No,0,5,0,8.2,6.7,7.3,7.7,7,8.4,7.5,9.1,7.9,4.3,6.2,4.7,7,9,8,6,8,7,6,7,6,7,8,8,0,2.3,0.7,0,1,0,0,0,0,2.7,1.8,3.3,0.98,90.2,Not Placed,2026-06-16 06:00:00
231FA04667,CSE,2027,7.25,No,0,2,6,6.1,6.4,8,6.3,8.6,6,6.5,5.3,8.7,8.8,6.7,5,9,7,8,8,8,6,7,8,7,6,7,7,2.9,0.6,0,1.7,0,0,0.5,2.7,0,0,0.3,2,0.89,91.1,Placed,2026-06-16 12:00:00
231FA04668,CSE,2027,8.09,Yes,3,5,4,7.2,7.7,6.6,10,9.7,5.3,6,8,6.1,7.7,7.5,7.4,8,8,9,7,9,7,7,7,7,6,8,8,0.8,0.3,2.4,0,0,1.7,1,0,0.9,0,0.5,0.6,0.68,93.2,Not Placed,2026-06-16 18:00:00
231FA04669,CSE,2027,8.58,No,0,1,1,7.9,8.9,7.1,5.1,6.8,5.9,9.1,7.5,7.1,7.4,6.6,8.2,8,9,7,8,9,7,6,7,8,7,7,7,0.1,0.1,0,2.9,2.2,1.1,0,0,0.9,0,0.4,0,0.64,93.6,Placed,2026-06-17 00:00:00
231FA04670,CSE,2027,7.67,No,0,2,2,5.9,7.8,8.6,5.6,7.1,7.2,5.3,4.9,5.5,6.6,7.2,6.2,8,8,9,7,8,7,7,6,7,7,8,7,2.1,0.2,0.4,1.4,0.9,0,1.7,1.1,1.5,0.4,0.8,0.8,0.94,90.6,Not Placed,2026-06-17 06:00:00
231FA04671,CSE,2027,7.88,No,0,2,7,9.5,8.4,7.6,6.5,7.2,8.5,8.2,8.2,6.7,6.4,5.3,7.7,9,8,8,7,8,8,7,8,7,8,8,8,0,0,0.4,0.5,0.8,0,0,0,0.3,1.6,2.7,0.3,0.55,94.5,Placed,2026-06-17 12:00:00
231FA04672,CSE-DS,2027,8.93,No,0,3,2,5.1,7,6.5,7.3,8.5,8.7,7.9,6.1,7,5.9,6.2,7.6,7,8,8,6,7,6,7,8,8,6,8,7,1.9,1,1.5,0,0,0,0,1.9,1,0.1,1.8,0,0.77,92.3,Placed,2026-06-17 18:00:00
231FA04673,CSE,2027,7.83,Yes,2,5,2,6,6.7,5.9,8,6.8,4.5,9.3,8.5,4.7,8.1,9.1,7,8,7,9,7,8,8,7,7,6,7,8,8,2,0.3,3.1,0,1.2,3.5,0,0,1.3,0,0,1,1.03,89.7,Not Placed,2026-06-18 00:00:00
231FA04674,CSE,2027,9.6,No,0,6,5,7.9,7.3,8.4,9,6.3,6.9,7.9,8.1,8.2,7.5,6.6,9,8,7,7,7,9,7,7,8,7,6,8,9,0.1,0,0,0,2.7,0.1,0,0,0,0,1.4,0,0.36,96.4,Not Placed,2026-06-18 06:00:00
231FA04675,CSE,2027,8.07,Yes,5,4,4,5.8,6.7,7.3,7.9,6.9,8.3,8.9,6.5,7.8,7.6,6.9,4.9,7,8,9,7,7,7,7,8,6,6,7,8,1.2,1.3,1.7,0,0.1,0,0,1.5,0,0,0.1,3.1,0.75,92.5,Placed,2026-06-18 12:00:00
231FA04676,CSE-DS,2027,6.33,Yes,4,3,1,7,7.2,8,6.2,5.8,5.5,2.9,6.1,10,8.2,5.4,6,9,8,9,7,7,6,7,7,7,7,7,7,2,0.8,1,0.8,1.2,0.5,4.1,0.9,0,0,1.6,1,1.16,88.4,Not Placed,2026-06-18 18:00:00
231FA04677,CSE,2027,8.22,Yes,2,6,4,6.9,9.3,10,7.7,7.9,8.2,7.6,7.9,7.6,8.2,5.1,7,8,8,9,6,8,7,6,7,7,7,9,8,1.1,0,0,0,0.1,0,0,0,0,0,3.9,1,0.51,94.9,Placed,2026-06-19 00:00:00
231FA04678,CSE,2027,7.94,No,0,6,2,5.7,8,6.2,5.2,4.9,7.7,6,7,9.1,7.6,6.5,5.7,9,7,7,7,9,6,7,7,7,6,8,8,3.3,0,0.8,1.8,4.1,0,1,0,0,0,1.5,2.3,1.23,87.7,Not Placed,2026-06-19 06:00:00
231FA04679,CSE-DS,2027,8.62,No,0,3,5,7.7,7,7.9,4.2,8.6,5,6.6,8.9,4.4,7.1,6.8,7.1,7,7,8,7,7,8,6,8,7,7,9,7,0,0,0.1,2.8,0,3,0,0,2.6,0,2.2,0,0.89,91.1,Not Placed,2026-06-19 12:00:00
231FA04680,CSE-DS,2027,8.15,No,0,3,2,7.3,6.9,5.2,7,6.8,6.8,9.5,8.5,9.1,7.3,9.1,5.8,8,8,7,8,8,7,7,7,7,7,8,9,0.7,1.1,1.8,1,1.2,0.2,0,0,0,0,0,3.2,0.77,92.3,Placed,2026-06-19 18:00:00
231FA04681,CSE-DS,2027,7.55,No,0,2,1,6.1,5.8,5.9,6.6,6.8,7.1,8.7,4.6,5,3.5,5.5,6,8,7,9,7,7,7,7,8,6,6,9,9,1.9,1.2,3.1,0.4,0.2,0,0,3.4,1,2.5,3.5,3,1.68,83.2,Placed,2026-06-20 00:00:00
231FA04682,CSE,2027,6.73,Yes,2,3,0,5.7,5.2,6.7,6.1,5.5,6.8,5.9,8.1,6.4,6.2,6.9,4.1,8,7,8,7,8,7,8,7,7,7,8,8,2.3,1.8,1.3,0.9,2.5,0.2,2.1,0,0.6,0.8,1.1,3.9,1.46,85.4,Placed,2026-06-20 06:00:00
231FA04683,CSE,2027,7.49,No,0,5,2,8.5,7.9,6,5.5,5.7,5.2,4.8,5.2,3.6,6.5,6.8,8.6,7,8,8,6,8,6,7,7,7,7,7,7,0,0.1,2,0.5,2.3,0.8,2.2,1.8,3.4,0.5,0.2,0,1.15,88.5,Placed,2026-06-20 12:00:00
231FA04684,CSE-AIML,2027,7.01,Yes,4,3,1,8,5.8,6.4,8.1,6.2,7,6,6.8,6.8,6.3,8.1,5.7,7,9,8,6,8,6,7,6,7,6,7,7,0,3.2,1.6,0,1.8,0,1,0,0.2,0,0,1.3,0.76,92.4,Not Placed,2026-06-20 18:00:00
231FA04685,CSE-DS,2027,7.21,Yes,12,3,1,6.9,9,7.2,5.8,7.2,9.8,6.8,7.8,6.8,7.1,6.7,5.5,8,8,8,8,9,7,7,7,6,6,8,7,1.1,0,0.8,2.2,1.8,0,0.2,0,0,0,1.3,1.5,0.74,92.6,Placed,2026-06-21 00:00:00
231FA04686,CSE-AIML,2027,8.09,Yes,5,1,1,7.2,5.2,6.3,9.1,6.6,5.6,7,6,6.9,5.2,7.7,6.9,7,9,8,7,8,7,7,7,7,7,8,9,0,3.8,1.7,0,1.4,1.4,0,1,0.1,1.8,0.3,2.1,1.13,88.7,Not Placed,2026-06-21 06:00:00
231FA04687,CSE-AIML,2027,8.9,No,0,3,3,5.8,7.5,9.5,6.1,8,7.6,7.6,8.2,6.7,7.3,7.2,6,7,8,8,7,9,7,7,7,8,7,8,7,1.2,0.5,0,0.9,1,0,0,0,1.3,0,0.8,1,0.56,94.4,Placed,2026-06-21 12:00:00
231FA04688,CSE,2027,7.95,No,0,3,6,7.7,6.7,9.4,6.5,5.5,8.5,6.2,5.6,7.6,8.8,8.1,6.4,8,8,8,6,7,6,8,7,7,6,7,7,0.3,1.3,0,0,1.5,0,1.8,1.4,0,0,0,0.6,0.58,94.2,Placed,2026-06-21 18:00:00
231FA04689,CSE-AIML,2027,6.75,Yes,4,4,2,7.1,6.5,9,6.3,7,7.1,5.4,6.6,6.7,8.6,7.1,6.4,8,8,7,7,8,6,7,7,8,6,8,7,0.9,1.5,0,0.7,1,0,1.6,0.4,1.3,0,0.9,0.6,0.74,92.6,Placed,2026-06-22 00:00:00
231FA04690,CSE,2027,7.98,Yes,10,2,0,6.6,6.7,6.7,7.9,8,5.5,8.1,7.7,6.7,4.9,7,6.3,9,8,8,8,8,7,7,6,8,8,9,7,2.4,1.3,1.3,0.1,0,1.5,0,0,1.3,3.1,2,0.7,1.14,88.6,Not Placed,2026-06-22 06:00:00
231FA04691,CSE,2027,8.55,No,0,3,1,7.5,7.7,8.5,5.5,9.5,8,7.7,9.2,7.2,8.1,7.1,7.9,8,8,8,6,7,7,7,6,7,6,7,8,0.5,0.3,0,0.5,0,0,0,0,0,0,0,0.1,0.12,98.8,Placed,2026-06-22 12:00:00
231FA04692,CSE,2027,7.19,Yes,5,1,2,8.1,7.9,4.7,6.1,8.1,7.2,6.6,7.3,5.2,7.6,7.1,6.7,8,8,8,7,8,6,7,7,7,8,8,9,0,0.1,3.3,0.9,0,0,0.4,0,1.8,0.4,0.9,2.3,0.84,91.6,Not Placed,2026-06-22 18:00:00
231FA04693,CSE,2027,7.55,No,0,5,5,7,7.5,6.9,6.8,9.4,5.2,5.3,8.2,5.7,4.7,8.5,8.8,9,8,8,7,8,6,7,7,7,8,8,8,2,0.5,1.1,0.2,0,0.8,1.7,0,1.3,3.3,0,0,0.91,90.9,Placed,2026-06-23 00:00:00
231FA04694,CSE,2027,7.66,No,0,5,4,5.5,4.9,5.6,6.3,9.5,6.6,8.2,8.1,8.8,6.4,7.1,6.9,8,8,7,7,8,6,7,6,8,7,7,8,2.5,3.1,1.4,0.7,0,0,0,0,0,0.6,0,1.1,0.78,92.2,Placed,2026-06-23 06:00:00
231FA04695,CSE,2027,7.06,Yes,8,4,1,7.5,8.4,9.6,6.4,7,8,7.6,9,6.7,6.4,8.6,7.3,7,8,8,7,9,8,7,8,6,7,8,7,0,0,0,0.6,2,0,0,0,0,0.6,0,0,0.27,97.3,Placed,2026-06-23 12:00:00
231FA04696,CSE-AIML,2027,8.14,Yes,8,7,2,8.2,7.4,8.7,6.4,7,4.2,6.7,8.7,7.6,6.4,9.3,7.7,8,9,7,7,8,6,7,7,7,8,7,8,0,1.6,0,0.6,1,1.8,0.3,0,0,1.6,0,0.3,0.6,94,Not Placed,2026-06-23 18:00:00
231FA04697,CSE,2027,7.56,No,0,5,4,9.2,8.2,7.4,9.4,6.7,5.8,9.1,7.9,8.9,8.2,9.2,6.5,8,8,7,8,9,7,7,7,7,7,8,8,0,0,0,0,2.3,1.2,0,0,0,0,0,1.5,0.42,95.8,Placed,2026-06-24 00:00:00
231FA04698,CSE-AIML,2027,7.96,No,0,2,3,6.5,6.5,6.5,4.8,7,7.8,5.9,5.6,6.6,7.8,5.4,9.7,8,7,8,7,8,7,7,7,7,7,8,8,1.5,0.5,1.5,2.2,1,0,1.1,1.4,0.4,0,2.6,0,1.02,89.8,Not Placed,2026-06-24 06:00:00
231FA04699,CSE,2027,6.98,Yes,8,2,2,5.1,6,8.1,7.9,7.8,5.8,6.1,5.6,6.3,7.2,5.6,4.5,8,8,8,8,7,7,8,7,7,8,7,8,2.9,2,0,0.1,0,1.2,1.9,1.4,0.7,0.8,1.4,3.5,1.32,86.8,Not Placed,2026-06-24 12:00:00
231FA04700,CSE,2027,7.32,No,0,2,2,8,6.3,7.5,6.2,7.2,9.5,5.1,5.6,5.4,9.2,6.5,7.7,8,7,8,8,8,7,8,7,7,7,8,9,0,0.7,0.5,1.8,0.8,0,2.9,1.4,1.6,0,1.5,1.3,1.04,89.6,Placed,2026-06-24 18:00:00
231FA04701,CSE,2027,8.19,Yes,3,4,2,3.9,7.6,6.7,8.9,8,6.7,9.2,9.3,9.1,8.1,6.8,7.5,9,8,9,7,7,7,7,7,8,7,7,8,5.1,0.4,2.3,0,0,0.3,0,0,0,0,0.2,0.5,0.73,92.7,Placed,2026-06-25 00:00:00
231FA04702,CSE,2027,7.37,Yes,5,2,0,6.1,6.9,5.9,6.4,9.3,7,6.1,5.2,6.5,7.5,6.8,6.5,8,9,7,8,9,6,7,7,6,8,7,9,1.9,2.1,1.1,1.6,0,0,0.9,1.8,0,0.5,0.2,2.5,1.05,89.5,Not Placed,2026-06-25 06:00:00
231FA04703,CSE,2027,8.95,No,0,4,5,7.9,7.9,8.3,8.3,7.3,7.2,7.4,8.1,8.8,6.9,7.2,6.4,8,8,8,7,8,7,6,7,7,8,8,9,0.1,0.1,0,0,0.7,0,0,0,0,1.1,0.8,2.6,0.45,95.5,Placed,2026-06-25 12:00:00
231FA04704,CSE,2027,7.35,No,0,3,3,4.9,5.2,5.5,5.9,7.3,5.4,6.8,7.8,5.7,6.2,5.1,5.6,8,8,8,6,8,6,7,7,8,7,7,9,3.1,2.8,2.5,0.1,0.7,0.6,0.2,0,2.3,0.8,1.9,3.4,1.53,84.7,Not Placed,2026-06-25 18:00:00
231FA04705,CSE,2027,7.82,Yes,3,3,3,8.8,7.7,9.8,6.1,8.9,6.2,6.4,10,6,9,7,5.7,9,7,8,7,9,7,8,6,7,6,9,8,0.2,0,0,0.9,0.1,0.8,1.6,0,1,0,2,2.3,0.74,92.6,Placed,2026-06-26 00:00:00
231FA04706,CSE-DS,2027,8.35,No,0,3,2,5.1,7,5.5,6.5,4.5,7.3,5,6.8,5.2,8.4,4.3,6.5,8,7,9,7,7,8,8,8,6,7,9,8,2.9,0,3.5,0.5,2.5,0.7,3,1.2,0.8,0,4.7,1.5,1.78,82.2,Placed,2026-06-26 06:00:00
231FA04707,CSE,2027,6.59,Yes,6,2,5,7.6,7.3,5.3,4.7,7.8,6.7,5.5,7.9,6.2,6,5.8,5.9,9,8,9,6,8,8,7,7,8,7,9,8,1.4,0.7,3.7,1.3,0.2,1.3,1.5,0,1.8,1,3.2,2.1,1.52,84.8,Not Placed,2026-06-26 12:00:00
231FA04708,CSE-DS,2027,6.33,Yes,2,5,2,5.9,7.3,8.9,5.2,6.5,6.7,7.5,8.2,6.7,6.1,7.6,4.9,8,8,9,7,7,8,7,8,7,7,8,8,2.1,0.7,0.1,1.8,0.5,1.3,0,0,0.3,0.9,0.4,3.1,0.93,90.7,Not Placed,2026-06-26 18:00:00
231FA04709,CSE,2027,6.51,Yes,5,4,2,4.2,10,5.8,6.3,7.5,7.3,7.9,8,5,8.4,7.5,7.3,7,8,8,6,7,7,7,7,7,7,8,9,2.8,0,2.2,0,0,0,0,0,2,0,0.5,1.7,0.77,92.3,Not Placed,2026-06-27 00:00:00
231FA04710,CSE-AIML,2027,8.6,No,0,2,2,7.3,4,6.6,5.6,5.4,6.2,7.9,7.2,7.4,6.3,7.3,6.6,9,8,8,7,7,7,7,7,7,7,7,8,1.7,4,1.4,1.4,1.6,0.8,0,0,0,0.7,0,1.4,1.08,89.2,Not Placed,2026-06-27 06:00:00
231FA04711,CSE-AIML,2027,7.24,Yes,4,1,0,7.7,7.3,6.7,5.5,6.8,6.8,6.6,5.9,5.6,6.9,5.4,6.2,7,8,8,7,8,7,8,6,7,7,8,8,0,0.7,1.3,1.5,1.2,0.2,1.4,0.1,1.4,0.1,2.6,1.8,1.03,89.7,Placed,2026-06-27 12:00:00
231FA04712,CSE-AIML,2027,9.57,Yes,4,5,3,8.4,8.2,6.2,8,10,8.5,7.3,9.3,10,8.7,5.5,8.4,9,9,7,7,8,7,7,7,8,7,9,7,0.6,0.8,0.8,0,0,0,0,0,0,0,3.5,0,0.48,95.2,Not Placed,2026-06-27 18:00:00
231FA04713,CSE,2027,7.23,Yes,5,2,4,8.6,4.3,8.1,6.7,8.6,6.8,7.3,7.4,7.8,7.5,5.8,6.6,8,8,8,6,8,6,8,8,8,7,8,8,0,3.7,0,0,0,0,0.7,0.6,0.2,0,2.2,1.4,0.73,92.7,Placed,2026-06-28 00:00:00
231FA04714,CSE,2027,7.79,No,0,2,1,6.6,8.1,7.2,5.8,5.4,7.4,6,7.5,6.5,8.4,5.7,8.4,7,8,8,7,9,8,7,7,7,8,9,9,0.4,0,0.8,1.2,3.6,0.6,1,0,0.5,0,3.3,0.6,1,90,Not Placed,2026-06-28 06:00:00
231FA04715,CSE,2027,8.81,No,0,6,4,8.7,7,6.4,9.9,6.4,7.9,7.9,7.5,8.5,6.3,9.9,6.5,9,9,8,6,7,8,6,7,8,7,7,9,0.3,2,1.6,0,0.6,0.1,0,0,0,0.7,0,2.5,0.65,93.5,Placed,2026-06-28 12:00:00
231FA04716,CSE-DS,2027,9.15,No,0,3,3,7,5.3,8.4,9.5,9.6,8.5,6.7,7.1,6.7,5.6,6.8,8.3,9,8,7,8,8,7,7,8,7,7,8,8,2,2.7,0,0,0,0,0.3,0.9,0.3,1.4,1.2,0,0.73,92.7,Placed,2026-06-28 18:00:00
231FA04717,CSE-DS,2027,9.2,Yes,8,2,2,6.1,4.3,5.6,8.2,5,6.6,6.7,7.5,7.4,7.6,7,6,7,9,8,7,9,7,7,8,8,7,8,9,0.9,4.7,2.4,0,4,0.4,0.3,0.5,0.6,0,1,3,1.48,85.2,Placed,2026-06-29 00:00:00
231FA04718,CSE-DS,2027,8.56,No,0,5,5,8.5,5.2,8.4,8.8,10,6.5,6.7,7.5,7.4,8.5,8.1,7,9,8,7,7,8,7,7,7,7,7,8,8,0.5,2.8,0,0,0,0.5,0.3,0,0,0,0,1,0.42,95.8,Placed,2026-06-29 06:00:00
231FA04719,CSE,2027,8.42,Yes,3,4,3,7.2,8.5,5.7,7,8,6,2.9,9.1,7.3,5.7,8.5,7,7,8,7,6,8,7,6,7,8,7,8,8,0,0,1.3,0,0,1,3.1,0,0.7,1.3,0,1,0.7,93,Not Placed,2026-06-29 12:00:00
231FA04720,CSE-AIML,2027,8.09,No,0,7,2,6,7.8,7.4,6.6,6.4,6,8.2,5.8,6.3,7.4,9.1,7.5,8,8,9,7,8,8,6,6,6,7,9,7,2,0.2,1.6,0.4,1.6,2,0,0.2,0,0,0,0,0.67,93.3,Placed,2026-06-29 18:00:00
231FA04721,CSE-DS,2027,8.23,No,0,3,4,7.8,7.2,8.2,9.4,6.5,7,7.2,7.7,7.2,6.3,7,10,8,8,8,7,7,8,7,7,7,7,8,8,0.2,0.8,0,0,0.5,1,0,0,0,0.7,1,0,0.35,96.5,Placed,2026-06-30 00:00:00
231FA04722,CSE,2027,7.24,Yes,4,4,2,7.4,4.6,6.5,7,6.8,6.9,7.3,7.6,7.3,8.2,5.1,6.7,8,8,8,7,8,7,7,7,7,7,7,9,0.6,3.4,1.5,0,1.2,0.1,0,0,0,0,1.9,2.3,0.92,90.8,Placed,2026-06-30 06:00:00
231FA04723,CSE,2027,7.04,No,0,2,2,7.1,6.8,5.7,5.8,5.5,7.7,4.2,4.9,7,7.2,4.5,7.3,7,8,9,7,8,8,7,7,7,6,8,8,0,1.2,3.3,1.2,2.5,0.3,2.8,2.1,0,0,3.5,0.7,1.47,85.3,Placed,2026-06-30 12:00:00
231FA04724,CSE-AIML,2027,7.65,Yes,2,2,3,7.1,7.6,7,7.4,7.5,7.5,7.2,6.8,6.8,7.2,7.9,9.4,8,8,9,6,8,7,7,7,8,7,9,9,0.9,0.4,2,0,0.5,0,0,0.2,1.2,0,1.1,0,0.52,94.8,Placed,2026-06-30 18:00:00
231FA04725,CSE-AIML,2027,7.52,Yes,2,5,5,8.1,7.9,8.9,7.9,6.1,6.5,9.7,6.5,8.1,6.2,9,6.8,8,8,8,7,8,7,7,6,7,7,7,8,0,0.1,0,0,1.9,0.5,0,0,0,0.8,0,1.2,0.38,96.2,Placed,2026-07-01 00:00:00
231FA04726,CSE-DS,2027,7.31,Yes,4,3,2,7,6.6,7.5,7.1,8,7.7,7.2,7.7,7.8,6.4,6.3,8.8,8,9,7,7,9,7,8,7,8,6,8,8,1,2.4,0,0,1,0,0.8,0,0.2,0,1.7,0,0.59,94.1,Placed,2026-07-01 06:00:00
231FA04727,CSE,2027,8.17,Yes,6,1,2,7.7,7.3,5.8,4.6,6.4,6.2,6.4,7.9,8.7,8.2,6.1,7.5,7,8,7,7,8,7,8,6,6,7,8,8,0,0.7,1.2,2.4,1.6,0.8,1.6,0,0,0,1.9,0.5,0.89,91.1,Placed,2026-07-01 12:00:00
231FA04728,CSE-AIML,2027,8.37,Yes,3,1,2,6.2,4.6,6.8,8.4,6.4,7.9,6,7.7,6.5,8.8,6.5,6.2,9,8,8,7,8,7,7,7,7,8,9,8,2.8,3.4,1.2,0,1.6,0,1,0,0.5,0,2.5,1.8,1.23,87.7,Placed,2026-07-01 18:00:00
231FA04729,CSE,2027,7.72,No,0,3,4,8.8,6.2,7.2,6.2,8.1,8.5,6.1,7.6,7.7,7.1,8.8,8.8,8,9,8,8,7,8,7,6,7,7,8,8,0,2.8,0.8,1.8,0,0,0.9,0,0,0,0,0,0.52,94.8,Placed,2026-07-02 00:00:00
231FA04730,CSE,2027,8.76,Yes,4,5,4,6.5,9.1,8.2,7.9,7.3,5.7,7.9,8,10,6.7,5.6,6.1,8,7,7,7,8,6,6,7,7,7,9,8,1.5,0,0,0,0.7,0.3,0,0,0,0.3,3.4,1.9,0.68,93.2,Not Placed,2026-07-02 06:00:00
231FA04731,CSE,2027,6.79,No,0,6,1,8.8,6.3,8.6,6.9,5.6,9.4,8.5,6.6,8.1,7,7.4,9.1,8,8,9,7,8,8,7,8,7,7,8,8,0,1.7,0.4,0.1,2.4,0,0,1.4,0,0,0.6,0,0.55,94.5,Not Placed,2026-07-02 12:00:00
231FA04732,CSE-DS,2027,7.5,Yes,10,3,1,4.9,6.4,6.9,7.3,5.3,8,5.4,5.3,6.5,9.2,10,7.5,8,8,9,7,8,7,7,8,7,6,8,8,3.1,1.6,2.1,0,2.7,0,1.6,2.7,0.5,0,0,0.5,1.23,87.7,Not Placed,2026-07-02 18:00:00
231FA04733,CSE-AIML,2027,7.11,Yes,4,3,1,6.5,7,7.2,8.6,5.2,8.3,5,6.2,6.8,7.3,6.8,7,8,9,7,7,8,6,7,7,7,7,8,8,1.5,2,0,0,2.8,0,2,0.8,0.2,0,1.2,1,0.96,90.4,Not Placed,2026-07-03 00:00:00
231FA04734,CSE,2027,6.25,No,0,4,0,6.5,4.5,7.1,7.4,8.1,8.7,6.9,8.2,6.5,4.6,7.6,7.4,8,8,7,6,8,7,7,8,7,7,9,8,1.5,3.5,0,0,0,0,0.1,0,0.5,2.4,1.4,0.6,0.83,91.7,Not Placed,2026-07-03 06:00:00
231FA04735,CSE,2027,7.59,Yes,4,5,5,7.4,7.3,8,7,8,6.3,6.4,5.8,10,7.5,8.9,6,8,8,8,6,9,7,7,7,6,7,8,7,0.6,0.7,0,0,1,0.7,0.6,1.2,0,0,0,1,0.48,95.2,Placed,2026-07-03 12:00:00
231FA04736,CSE-DS,2027,7.56,Yes,4,2,0,6.4,7.3,8.5,5.9,6.1,5.7,6.5,5.4,4.9,7,7.5,5.2,8,8,7,7,8,7,6,7,7,7,7,9,1.6,0.7,0,1.1,1.9,1.3,0,1.6,2.1,0,0,3.8,1.18,88.2,Placed,2026-07-03 18:00:00
231FA04737,CSE,2027,8.79,No,0,3,3,6.2,6.9,9.2,3.5,7.6,7.9,6.2,6.6,7.5,7,9.2,7.2,9,8,8,7,7,8,7,7,7,8,8,7,2.8,1.1,0,3.5,0,0.1,0.8,0.4,0,1,0,0,0.81,91.9,Not Placed,2026-07-04 00:00:00
231FA04738,CSE-DS,2027,8.12,Yes,8,3,4,8.3,7.8,8.1,6.2,7.5,7.1,6.3,8.4,4.7,8.9,4.4,7,9,9,9,7,8,7,7,7,7,6,9,8,0.7,1.2,0.9,0.8,0.5,0,0.7,0,2.3,0,4.6,1,1.06,89.4,Placed,2026-07-04 06:00:00
231FA04739,CSE,2027,6.88,Yes,6,5,3,8.3,5.6,7.6,7.5,7.5,6.7,6.5,5.2,7,8.3,6.5,6.6,8,9,8,7,8,8,6,7,7,8,8,8,0,3.4,0.4,0,0.5,1.3,0,1.8,0,0,1.5,1.4,0.86,91.4,Placed,2026-07-04 12:00:00
231FA04740,CSE,2027,9.04,Yes,8,3,1,9.1,6.9,7.6,7.8,6.9,8,8.4,8.3,8.4,4.5,5.7,6.5,8,9,7,7,8,7,7,7,7,6,8,9,0,2.1,0,0,1.1,0,0,0,0,1.5,2.3,2.5,0.79,92.1,Placed,2026-07-04 18:00:00
231FA04741,CSE,2027,8.57,No,0,3,3,6,6.1,8.1,7.1,6.8,6.7,6.5,6.7,8.7,4.8,8.6,9.9,8,9,8,7,7,7,7,7,6,7,8,8,2,2.9,0,0,0.2,0.3,0.5,0.3,0,2.2,0,0,0.7,93,Not Placed,2026-07-05 00:00:00
231FA04742,CSE,2027,8.09,No,0,3,2,8.4,5.6,6.2,8.1,6.5,6.2,6.7,5.4,6.7,5.3,7.7,5.8,8,9,7,7,8,7,7,7,7,7,8,8,0,3.4,0.8,0,1.5,0.8,0.3,1.6,0.3,1.7,0.3,2.2,1.08,89.2,Not Placed,2026-07-05 06:00:00
231FA04743,CSE-AIML,2027,7.48,No,0,3,2,6.8,6.2,7.2,7.7,7.1,5.8,6,9.7,7.9,6.5,6,4.9,8,8,8,6,8,7,7,6,6,8,8,8,1.2,1.8,0.8,0,0.9,1.2,1,0,0,1.5,2,3.1,1.12,88.8,Placed,2026-07-05 12:00:00
231FA04744,CSE,2027,6.93,No,0,4,1,8.1,5.8,8,7.7,8.3,7.6,6.4,6.7,6.7,6.3,4.6,4,9,9,9,7,8,8,7,7,8,6,8,8,0.9,3.2,1,0,0,0.4,0.6,0.3,1.3,0,3.4,4,1.26,87.4,Not Placed,2026-07-05 18:00:00
231FA04745,CSE,2027,7.37,Yes,6,2,2,7.7,6.5,8,6.3,6.8,7.9,8.7,6.4,5.5,8.3,6.4,6.2,8,8,8,8,9,7,7,7,7,7,9,8,0.3,1.5,0,1.7,2.2,0,0,0.6,1.5,0,2.6,1.8,1.02,89.8,Not Placed,2026-07-06 00:00:00
231FA04746,CSE-DS,2027,8.47,Yes,4,4,3,6.8,6.4,8.3,5.6,7.4,7.6,6.6,9.3,8.4,6.7,7.2,8.4,9,8,9,8,8,7,7,7,7,7,7,8,2.2,1.6,0.7,2.4,0.6,0,0.4,0,0,0.3,0,0,0.68,93.2,Placed,2026-07-06 06:00:00
231FA04747,CSE,2027,9.06,No,0,3,3,7.2,8.9,7.8,7.4,7.4,10,5.8,5.7,6.8,8.9,4,4.7,7,8,9,8,8,7,6,6,7,7,7,8,0,0,1.2,0.6,0.6,0,0.2,0.3,0.2,0,3,3.3,0.78,92.2,Not Placed,2026-07-06 12:00:00
231FA04748,CSE,2027,8.81,Yes,12,3,3,6.8,9.9,7.3,5.8,8.3,9.3,6.5,7.8,7.5,8,6.7,8,9,8,9,8,7,8,6,6,7,7,8,8,2.2,0,1.7,2.2,0,0,0,0,0,0,1.3,0,0.62,93.8,Not Placed,2026-07-06 18:00:00
231FA04749,CSE-DS,2027,7.28,Yes,3,5,1,8.1,7.9,5,5.2,6.2,7.4,7.7,5.7,7.4,8.2,7.9,6.5,7,7,8,8,8,7,8,7,7,7,9,9,0,0,3,2.8,1.8,0,0.3,1.3,0,0,1.1,2.5,1.07,89.3,Placed,2026-07-07 00:00:00
231FA04750,CSE-AIML,2027,6.81,Yes,12,2,5,6.4,5.3,9.1,7.5,4.9,8.4,7.7,8.4,6.2,6.4,5.9,9.5,8,8,9,8,7,7,6,7,7,6,7,8,1.6,2.7,0,0.5,2.1,0,0,0,0.8,0,1.1,0,0.73,92.7,Not Placed,2026-07-07 06:00:00
231FA04751,CSE,2027,7.76,Yes,12,5,3,6.7,6.1,6.5,6.9,9.2,7.6,8.8,7.6,7.1,6,9.3,8.5,9,8,8,8,7,7,7,6,7,7,7,8,2.3,1.9,1.5,1.1,0,0,0,0,0,1,0,0,0.65,93.5,Placed,2026-07-07 12:00:00
231FA04752,CSE-DS,2027,6.32,No,0,3,2,7.8,7.6,5.6,6.8,7.8,7.7,6.7,9,7.2,8.1,6.7,6,8,7,7,7,7,7,7,7,7,7,9,7,0.2,0,1.4,0.2,0,0,0.3,0,0,0,2.3,1,0.45,95.5,Not Placed,2026-07-07 18:00:00
231FA04753,CSE-AIML,2027,7.89,Yes,6,3,2,8.2,7.9,7.4,5.9,8.3,6,8,5.6,5.9,7.4,7.7,7.3,9,8,8,8,8,7,7,8,7,7,9,8,0.8,0.1,0.6,2.1,0,1,0,2.4,1.1,0,1.3,0.7,0.84,91.6,Not Placed,2026-07-08 00:00:00
231FA04754,CSE,2027,7.54,Yes,5,2,5,6.4,8.4,7.2,7.3,6.9,6.1,8.5,6.2,9.2,6,7.5,7.1,9,8,9,8,8,6,7,7,8,8,8,8,2.6,0,1.8,0.7,1.1,0,0,0.8,0,2,0.5,0.9,0.87,91.3,Placed,2026-07-08 06:00:00
231FA04755,CSE,2027,7.3,Yes,10,3,3,6.8,7.8,7.9,7.6,5.6,5.5,5.4,6.7,9.6,6.9,9.6,6.9,9,8,8,7,9,7,8,8,8,8,7,8,2.2,0.2,0.1,0,3.4,1.5,2.6,1.3,0,1.1,0,1.1,1.12,88.8,Placed,2026-07-08 12:00:00
231FA04756,CSE-AIML,2027,6.45,No,0,4,4,7,7.5,6.4,7.1,4.7,5.7,4.7,7.7,5.1,8.6,7.2,8,8,9,9,7,8,6,7,7,7,7,7,8,1,1.5,2.6,0,3.3,0.3,2.3,0,1.9,0,0,0,1.08,89.2,Not Placed,2026-07-08 18:00:00
231FA04757,CSE-AIML,2027,8.04,Yes,5,3,3,6.3,5.7,6.7,8.4,9.8,7.7,5.5,5.9,5.2,6.9,6.8,6.9,9,8,8,7,7,7,8,7,7,7,8,8,2.7,2.3,1.3,0,0,0,2.5,1.1,1.8,0.1,1.2,1.1,1.18,88.2,Not Placed,2026-07-09 00:00:00
231FA04758,CSE,2027,7.25,Yes,6,2,5,5.6,5.5,7.1,7.6,5.5,7.6,8.2,4.1,9,7.9,8.2,5.7,9,8,8,7,8,7,7,6,7,7,8,9,3.4,2.5,0.9,0,2.5,0,0,1.9,0,0,0,3.3,1.21,87.9,Placed,2026-07-09 06:00:00
231FA04759,CSE-DS,2027,6.77,No,0,2,2,7.4,7.6,5.6,7.4,6.3,5.7,6.2,6.7,6.1,5.5,6.9,7.2,8,8,9,8,7,8,6,7,8,7,8,7,0.6,0.4,3.4,0.6,0.7,2.3,0,0.3,1.9,1.5,1.1,0,1.07,89.3,Not Placed,2026-07-09 12:00:00
231FA04760,CSE-AIML,2027,5.5,No,0,5,7,7.1,4.9,6.2,5.9,9.1,7.1,6.6,6.3,6.8,7.9,4.7,7.2,7,8,9,6,8,7,7,7,8,7,7,8,0,3.1,2.8,0.1,0,0,0.4,0.7,1.2,0,2.3,0.8,0.95,90.5,Placed,2026-07-09 18:00:00
231FA04761,CSE,2027,7.63,Yes,4,3,4,6.5,7.6,8.1,6.2,5.4,6.7,8.7,8.2,6.6,6.3,6.4,5.5,7,7,8,8,7,7,8,8,7,7,8,9,0.5,0,0,1.8,1.6,0.3,0,0,0.4,0.7,1.6,3.5,0.87,91.3,Placed,2026-07-10 00:00:00
231FA04762,CSE,2027,8.98,Yes,5,1,1,7.9,8.1,6.4,6.3,6,6.3,6,6.7,7.9,7.8,5.8,7.1,8,8,8,8,8,7,7,7,7,7,8,8,0.1,0,1.6,1.7,2,0.7,1,0.3,0,0,2.2,0.9,0.88,91.2,Not Placed,2026-07-10 06:00:00
231FA04763,CSE,2027,8.9,Yes,8,5,1,8.2,6.2,7.5,8.9,7.1,4.8,4.2,7.7,7.5,7.6,8,5.5,8,7,8,7,8,7,7,8,7,7,9,8,0,0.8,0.5,0,0.9,2.2,2.8,0.3,0,0,1,2.5,0.92,90.8,Not Placed,2026-07-10 12:00:00
231FA04764,CSE-AIML,2027,7.31,Yes,3,2,2,5.8,7.3,7.7,6.4,5,7.2,6.8,5.4,4.3,7.5,6,7,9,9,8,7,8,8,6,7,7,7,8,8,3.2,1.7,0.3,0.6,3,0.8,0,1.6,2.7,0,2,1,1.41,85.9,Not Placed,2026-07-10 18:00:00
231FA04765,CSE,2027,7.2,Yes,12,3,2,7,5.4,7.4,5.8,5,4.8,6.9,8.9,6.9,9.1,8.7,7.5,8,9,8,7,9,8,7,7,7,7,7,8,1,3.6,0.6,1.2,4,3.2,0.1,0,0.1,0,0,0.5,1.19,88.1,Placed,2026-07-11 00:00:00
231FA04766,CSE-AIML,2027,8,Yes,6,4,3,9.2,9,8.7,4.9,6.9,6.4,8.7,6.8,9.4,7.3,7.2,6.7,8,8,8,7,7,7,6,6,7,7,7,7,0,0,0,2.1,0.1,0.6,0,0,0,0,0,0.3,0.26,97.4,Placed,2026-07-11 06:00:00
231FA04767,CSE-AIML,2027,6.9,Yes,8,4,3,6.8,7.3,6.9,6.4,6.5,9.3,9.5,6.4,8.1,6,6.6,5.6,8,8,7,7,8,7,6,7,7,7,7,8,1.2,0.7,0.1,0.6,1.5,0,0,0.6,0,1,0.4,2.4,0.71,92.9,Not Placed,2026-07-11 12:00:00
231FA04768,CSE-DS,2027,7.88,Yes,5,3,2,8.3,7.6,7.8,8.1,5.9,6.6,7.6,6.6,7.1,6,8.7,8.2,7,8,9,7,8,7,7,7,7,8,8,9,0,0.4,1.2,0,2.1,0.4,0,0.4,0,2,0,0.8,0.61,93.9,Placed,2026-07-11 18:00:00
231FA04769,CSE,2027,8.22,No,0,3,3,8.5,7.8,5.6,6.3,6.1,6.6,8.3,5.1,6.2,6.5,5.3,7.2,8,7,9,7,8,7,6,6,7,6,8,8,0,0,3.4,0.7,1.9,0.4,0,0.9,0.8,0,2.7,0.8,0.97,90.3,Placed,2026-07-12 00:00:00
231FA04770,CSE-DS,2027,8.57,No,0,4,3,6.7,8.5,6.8,7.7,7.3,4,5.3,7.6,7.6,7,8.8,7.8,8,8,9,7,9,8,8,8,7,7,8,8,1.3,0,2.2,0,1.7,4,2.7,0.4,0,0,0,0.2,1.04,89.6,Not Placed,2026-07-12 06:00:00
231FA04771,CSE,2027,7.57,Yes,8,5,2,9.1,4.1,9.3,6.4,7.2,8.7,4.5,6.9,8.4,6.4,8.3,8,8,7,8,8,8,8,7,7,6,8,7,9,0,2.9,0,1.6,0.8,0,2.5,0.1,0,1.6,0,1,0.88,91.2,Placed,2026-07-12 12:00:00
231FA04772,CSE-DS,2027,7.5,Yes,2,6,4,7.7,8.2,9.1,8.2,8.6,6.3,8.2,8.1,8.8,6,8.8,6.3,8,8,9,8,8,7,6,7,7,6,7,8,0.3,0,0,0,0,0.7,0,0,0,0,0,1.7,0.22,97.8,Placed,2026-07-12 18:00:00
231FA04773,CSE,2027,6.99,Yes,10,3,2,9.7,5.7,5.4,6.5,8.1,7.3,8.9,6.4,6.2,5.9,6.2,5.1,8,9,8,8,7,6,6,8,8,7,8,8,0,3.3,2.6,1.5,0,0,0,1.6,1.8,1.1,1.8,2.9,1.38,86.2,Placed,2026-07-13 00:00:00
231FA04774,CSE,2027,7.03,No,0,3,6,6.1,5.4,7.8,8.8,7.2,6.1,7.9,6.9,8.2,5.8,5.9,7.9,8,8,7,8,8,7,7,7,7,7,8,8,1.9,2.6,0,0,0.8,0.9,0,0.1,0,1.2,2.1,0.1,0.81,91.9,Not Placed,2026-07-13 06:00:00
231FA04775,CSE-AIML,2027,7.48,Yes,4,2,8,7.3,8.4,6.2,7.8,8,5.4,7.3,4.8,9.1,5.6,7,7.3,8,8,8,8,9,7,7,7,7,8,8,8,0.7,0,1.8,0.2,1,1.6,0,2.2,0,2.4,1,0.7,0.97,90.3,Not Placed,2026-07-13 12:00:00
231FA04776,CSE,2027,7.93,Yes,3,4,2,5.9,9.4,6.3,6.8,6.3,6.3,7,8,7.3,6.2,7.1,5.4,8,7,8,7,8,7,8,7,7,7,9,8,2.1,0,1.7,0.2,1.7,0.7,1,0,0,0.8,1.9,2.6,1.06,89.4,Placed,2026-07-13 18:00:00
231FA04777,CSE,2027,8.34,Yes,8,3,5,8.8,6.7,6.8,4.9,6.7,9.4,8.1,8.7,7.5,4.1,7.4,7.6,7,8,8,6,9,6,7,8,7,7,7,8,0,1.3,1.2,1.1,2.3,0,0,0,0,2.9,0,0.4,0.77,92.3,Placed,2026-07-14 00:00:00
231FA04778,CSE-AIML,2027,7.05,No,0,4,2,7.9,6.7,5.8,6.6,6.3,7.4,6.6,5.5,7.5,5.8,6.4,6.2,9,9,8,7,9,7,6,6,7,6,8,8,1.1,2.3,2.2,0.4,2.7,0,0,0.5,0,0.2,1.6,1.8,1.07,89.3,Placed,2026-07-14 06:00:00
231FA04779,CSE-AIML,2027,8.77,No,0,4,5,7.6,5.6,7.4,8.7,7.5,6.5,6.9,7.7,8,9.2,5.3,7.7,8,9,8,6,9,7,6,6,7,7,8,8,0.4,3.4,0.6,0,1.5,0.5,0,0,0,0,2.7,0.3,0.78,92.2,Not Placed,2026-07-14 12:00:00
231FA04780,CSE-AIML,2027,7.45,Yes,3,2,3,7.1,6.8,7.3,6.6,5.6,7.1,7.7,6.8,8.2,6.6,7.4,4.9,8,8,8,7,8,6,7,6,6,7,8,9,0.9,1.2,0.7,0.4,2.4,0,0,0,0,0.4,0.6,4.1,0.89,91.1,Placed,2026-07-14 18:00:00
231FA04781,CSE-AIML,2027,7.63,Yes,3,3,2,9.7,6.7,6.3,6.6,5.8,5.5,7,7.1,7.2,6.9,6.8,5.4,7,8,7,8,8,7,7,7,8,7,7,8,0,1.3,0.7,1.4,2.2,1.5,0,0,0.8,0.1,0.2,2.6,0.9,91,Not Placed,2026-07-15 00:00:00
231FA04782,CSE,2027,7.09,No,0,2,3,6,6.8,5.9,7,6.4,6.4,6.9,7.2,7.5,9.1,7.7,4.7,8,8,8,7,7,7,7,7,7,7,9,9,2,1.2,2.1,0,0.6,0.6,0.1,0,0,0,1.3,4.3,1.02,89.8,Placed,2026-07-15 06:00:00
231FA04783,CSE,2027,5.83,Yes,6,5,1,5.4,6.4,5.8,7.2,7.4,6.1,8.2,8.6,4.5,5,8.1,7.8,8,9,7,7,9,7,7,7,7,7,8,8,2.6,2.6,1.2,0,1.6,0.9,0,0,2.5,2,0,0.2,1.13,88.7,Not Placed,2026-07-15 12:00:00
231FA04784,CSE,2027,8.31,No,0,1,3,7.4,6.7,6.6,7.4,6.9,8.4,5.9,6.7,7.8,6.9,7.6,7.5,8,8,9,6,8,7,6,6,6,7,9,8,0.6,1.3,2.4,0,1.1,0,0.1,0,0,0.1,1.4,0.5,0.62,93.8,Not Placed,2026-07-15 18:00:00
231FA04785,CSE,2027,8.2,No,0,4,0,6.3,5.5,5.9,5.5,4.5,8.2,4.5,9.1,6.2,6.5,4.9,7.3,8,8,8,7,9,6,7,7,7,8,7,8,1.7,2.5,2.1,1.5,4.5,0,2.5,0,0.8,1.5,2.1,0.7,1.66,83.4,Placed,2026-07-16 00:00:00
231FA04786,CSE-DS,2027,7.44,Yes,6,3,1,6.5,6.9,5.8,7.4,5.8,6.9,7.4,8.6,7.8,6.9,6.8,7.2,8,7,8,7,8,8,7,7,7,7,8,9,1.5,0.1,2.2,0,2.2,1.1,0,0,0,0.1,1.2,1.8,0.85,91.5,Not Placed,2026-07-16 06:00:00
231FA04787,CSE-AIML,2027,7.7,Yes,6,2,2,7.8,5.9,8,5.7,7.4,7.5,6,4.9,6.5,3.6,6.6,5.3,9,8,7,7,9,6,7,7,8,7,8,9,1.2,2.1,0,1.3,1.6,0,1,2.1,1.5,3.4,1.4,3.7,1.61,83.9,Placed,2026-07-16 12:00:00
231FA04788,CSE,2027,8.04,Yes,6,3,2,10,8.4,7.1,8.7,7.9,5.6,6.2,8.3,5.8,7.5,7.9,6.7,9,8,8,7,8,7,7,6,7,7,9,9,0,0,0.9,0,0.1,1.4,0.8,0,1.2,0,1.1,2.3,0.65,93.5,Placed,2026-07-16 18:00:00
231FA04789,CSE,2027,6.48,Yes,6,4,0,6.9,7.7,7.7,7.2,6.7,7.4,4.1,8.5,6.5,5.8,7.4,7.4,8,8,8,8,8,7,8,6,7,7,8,8,1.1,0.3,0.3,0.8,1.3,0,3.9,0,0.5,1.2,0.6,0.6,0.88,91.2,Placed,2026-07-17 00:00:00
231FA04790,CSE-DS,2027,7.25,No,0,1,0,5,6.4,6.3,6.2,8.3,6.2,6.1,5.4,5.2,6.8,5.7,6,8,8,8,7,8,7,6,7,7,8,8,8,3,1.6,1.7,0.8,0,0.8,0,1.6,1.8,1.2,2.3,2,1.4,86,Placed,2026-07-17 06:00:00
231FA04791,CSE,2027,8.25,No,0,7,3,7.7,7.5,7.6,7.6,8.2,10,9,7,8.9,6.1,6.7,8.3,7,7,9,8,8,8,6,7,6,7,9,8,0,0,1.4,0.4,0,0,0,0,0,0.9,2.3,0,0.42,95.8,Placed,2026-07-17 12:00:00
231FA04792,CSE-AIML,2027,6.71,Yes,4,2,3,7.6,7.5,6,6,6.9,6.4,7.8,6.4,6.3,4.7,7.8,7.1,8,8,9,7,8,7,7,8,8,8,7,8,0.4,0.5,3,1,1.1,0.6,0,1.6,1.7,3.3,0,0.9,1.18,88.2,Not Placed,2026-07-17 18:00:00
231FA04793,CSE,2027,7.87,Yes,8,3,1,4.1,7.5,6.4,7.9,6.8,5.9,9.1,8.9,6.7,7.4,6.3,4.8,8,8,8,7,8,8,6,7,6,7,7,8,3.9,0.5,1.6,0,1.2,2.1,0,0,0,0,0.7,3.2,1.1,89,Placed,2026-07-18 00:00:00
231FA04794,CSE-AIML,2027,6.63,No,0,4,3,8.4,5.7,8.3,7.6,7.1,6.7,7.6,5.6,8.4,6.9,8.6,6.6,7,8,9,7,8,7,7,7,8,7,7,7,0,2.3,0.7,0,0.9,0.3,0,1.4,0,0.1,0,0.4,0.51,94.9,Not Placed,2026-07-18 06:00:00
231FA04795,CSE,2027,8,No,0,4,5,7.4,7.5,7.9,9.4,6.6,7,7.2,4.3,6.5,6.6,10,7.5,7,8,8,6,8,6,6,7,7,7,8,7,0,0.5,0.1,0,1.4,0,0,2.7,0.5,0.4,0,0,0.47,95.3,Placed,2026-07-18 12:00:00
231FA04796,CSE-DS,2027,7.62,No,0,5,4,7.8,5.3,7.1,8.3,10,6.3,4.9,6.2,6.2,6.2,8.3,7.6,9,9,8,6,7,7,7,6,7,7,8,8,1.2,3.7,0.9,0,0,0.7,2.1,0,0.8,0.8,0,0.4,0.88,91.2,Placed,2026-07-18 18:00:00
231FA04797,CSE-DS,2027,6.44,Yes,6,3,0,5.1,8.3,8.9,4.4,8,6.3,5.4,4.7,6,5.9,6.7,9.2,7,8,7,7,7,7,7,7,8,7,8,7,1.9,0,0,2.6,0,0.7,1.6,2.3,2,1.1,1.3,0,1.12,88.8,Placed,2026-07-19 00:00:00
231FA04798,CSE-AIML,2027,8.52,Yes,6,2,1,6.3,5.2,6.5,8.2,6.6,7.7,7.1,7,8.9,5.7,5.6,5.8,8,8,7,7,9,7,8,7,6,6,7,8,1.7,2.8,0.5,0,2.4,0,0.9,0,0,0.3,1.4,2.2,1.02,89.8,Not Placed,2026-07-19 06:00:00
231FA04799,CSE-AIML,2027,7.1,No,0,4,3,7.3,6.9,7.7,6.7,6.6,7.3,9,5.4,5.7,6.9,9.4,5.5,9,8,9,7,7,6,7,7,7,7,8,8,1.7,1.1,1.3,0.3,0.4,0,0,1.6,1.3,0.1,0,2.5,0.86,91.4,Placed,2026-07-19 12:00:00
231FA04800,CSE-DS,2027,7.04,No,0,4,3,6.8,5.7,7.3,4.2,5.5,8.4,6.8,5.9,6.8,6.7,7.5,4.2,8,8,8,6,8,7,7,8,7,8,8,8,1.2,2.3,0.7,1.8,2.5,0,0.2,2.1,0.2,1.3,0.5,3.8,1.38,86.2,Placed,2026-07-19 18:00:00
231FA04801,CSE-AIML,2027,7.8,Yes,3,6,2,6,6.1,8.1,7.3,9.1,8.4,6.9,7.3,9,9.1,7.2,6.1,9,8,7,7,7,8,7,7,7,7,7,8,3,1.9,0,0,0,0,0.1,0,0,0,0,1.9,0.58,94.2,Placed,2026-07-20 00:00:00
231FA04802,CSE,2027,8.51,Yes,6,3,7,4.9,4.9,8.1,8.1,6.7,9.1,7.3,6.8,9,8.8,7.5,8.2,9,7,8,7,8,7,7,8,7,7,7,8,4.1,2.1,0,0,1.3,0,0,1.2,0,0,0,0,0.72,92.8,Placed,2026-07-20 06:00:00
231FA04803,CSE-AIML,2027,6.89,Yes,8,2,1,7.4,9.3,6.4,5.1,7.4,6.7,6.7,6.6,4.6,6.9,6.1,6.2,8,8,7,8,8,7,8,7,6,7,8,8,0.6,0,0.6,2.9,0.6,0.3,1.3,0.4,1.4,0.1,1.9,1.8,0.99,90.1,Placed,2026-07-20 12:00:00
231FA04804,CSE-AIML,2027,7.7,Yes,2,2,4,6.5,7,7.3,7,8.4,7.9,6.9,5.7,7.7,6.6,6.8,5.4,7,8,8,7,9,7,7,8,7,7,9,8,0.5,1,0.7,0,0.6,0,0.1,2.3,0,0.4,2.2,2.6,0.87,91.3,Placed,2026-07-20 18:00:00
231FA04805,CSE,2027,7.97,Yes,6,2,2,7.4,10,6.3,7.7,8.5,6.2,3.9,7.8,7,7.3,7,8.3,8,8,8,7,7,7,7,7,6,7,8,8,0.6,0,1.7,0,0,0.8,3.1,0,0,0,1,0,0.6,94,Placed,2026-07-21 00:00:00
231FA04806,CSE-AIML,2027,8.17,No,0,3,3,6.8,9.6,7.8,8.2,6.9,7.3,4.8,6.2,8.3,6.9,5.5,6.1,7,8,8,8,9,6,6,7,8,8,8,9,0.2,0,0.2,0,2.1,0,1.2,0.8,0,1.1,2.5,2.9,0.92,90.8,Placed,2026-07-21 06:00:00
231FA04807,CSE-DS,2027,7.78,Yes,5,3,1,6,6.8,5.9,8.7,7.2,5.2,8.8,6.8,7.5,7.3,7.4,6.5,8,9,8,7,8,6,7,7,7,7,8,7,2,2.2,2.1,0,0.8,0.8,0,0.2,0,0,0.6,0.5,0.77,92.3,Not Placed,2026-07-21 12:00:00
231FA04808,CSE-DS,2027,7.37,No,0,5,6,7.7,7.1,7.7,7,6.9,5.4,7.2,7.5,9.6,7.9,6.3,6,7,8,7,6,8,7,7,7,7,7,7,8,0,0.9,0,0,1.1,1.6,0,0,0,0,0.7,2,0.52,94.8,Not Placed,2026-07-21 18:00:00
231FA04809,CSE,2027,7.03,Yes,4,4,5,7.5,6.3,6.5,6.3,6.8,8.1,4.7,8.8,6.9,6.4,8.3,6.9,8,9,9,6,7,7,7,7,6,7,8,8,0.5,2.7,2.5,0,0.2,0,2.3,0,0,0.6,0,1.1,0.82,91.8,Placed,2026-07-22 00:00:00
231FA04810,CSE,2027,7.71,No,0,4,2,5.6,5,7.8,7.8,6.4,8.5,6.9,8.5,5.7,5.5,6.2,6.4,7,8,8,6,8,6,6,8,6,7,9,8,1.4,3,0.2,0,1.6,0,0,0,0.3,1.5,2.8,1.6,1.03,89.7,Placed,2026-07-22 06:00:00
231FA04811,CSE-DS,2027,6.85,No,0,3,4,8.2,7.1,5.8,6.8,6.2,5.7,6.7,6.5,5.8,5.8,7.8,7.3,8,7,8,7,8,6,7,7,8,7,8,9,0,0,2.2,0.2,1.8,0.3,0.3,0.5,2.2,1.2,0.2,1.7,0.88,91.2,Placed,2026-07-22 12:00:00
231FA04812,CSE-DS,2027,5.5,Yes,3,2,0,7.4,5.9,4.9,5.5,7.5,4.2,8,4.9,7.2,5,5.5,3.7,8,8,8,7,9,7,7,7,7,8,8,8,0.6,2.1,3.1,1.5,1.5,2.8,0,2.1,0,3,2.5,4.3,1.96,80.4,Not Placed,2026-07-22 18:00:00
231FA04813,CSE,2027,7.98,Yes,4,3,3,9.4,7.8,7.9,6.5,5.9,8.1,5.6,6.9,5.5,7.3,4.7,5.2,7,8,8,7,9,7,7,7,7,7,7,8,0,0.2,0.1,0.5,3.1,0,1.4,0.1,1.5,0,2.3,2.8,1,90,Placed,2026-07-23 00:00:00
231FA04814,CSE-DS,2027,8.33,Yes,2,3,2,6,7.9,6.4,8.3,9,6.7,5.2,8.3,5.2,6,5,8.3,8,8,9,7,8,7,7,8,7,7,8,9,2,0.1,2.6,0,0,0.3,1.8,0,1.8,1,3,0.7,1.11,88.9,Placed,2026-07-23 06:00:00
231FA04815,CSE-DS,2027,5.88,Yes,6,4,4,7.6,8.9,6.3,5.8,6.2,5.2,8.7,10,6,7.6,6.7,7.4,8,8,7,8,8,8,7,8,7,7,8,8,0.4,0,0.7,2.2,1.8,2.8,0,0,1,0,1.3,0.6,0.9,91,Not Placed,2026-07-23 12:00:00
231FA04816,CSE,2027,6.89,No,0,1,2,7.7,4.9,5.8,7.9,7,6.8,7,7.1,7.8,7.3,6.3,6.8,9,8,7,7,8,7,7,8,7,7,7,9,1.3,3.1,1.2,0,1,0.2,0,0.9,0,0,0.7,2.2,0.88,91.2,Not Placed,2026-07-23 18:00:00
231FA04817,CSE-AIML,2027,8.11,No,0,1,3,6.6,5.7,6.6,6.5,4.6,7.7,7.9,7.4,7.8,6.5,6,7.9,8,8,8,8,8,7,7,8,7,7,8,7,1.4,2.3,1.4,1.5,3.4,0,0,0.6,0,0.5,2,0,1.09,89.1,Not Placed,2026-07-24 00:00:00
231FA04818,CSE,2027,9.19,Yes,3,4,6,6.4,6.3,8.3,8.2,8.9,5.6,7.6,6.3,8.8,9.4,8.3,7,8,8,8,7,9,8,7,6,7,7,7,8,1.6,1.7,0,0,0.1,2.4,0,0,0,0,0,1,0.57,94.3,Not Placed,2026-07-24 06:00:00
231FA04819,CSE,2027,7.67,Yes,4,3,2,6,6.4,5.9,6.8,6,5.2,7.4,7.5,9.1,6.4,4.6,8,7,7,8,6,8,7,7,7,6,7,8,7,1,0.6,2.1,0,2,1.8,0,0,0,0.6,3.4,0,0.96,90.4,Not Placed,2026-07-24 12:00:00
231FA04820,CSE,2027,7.1,Yes,6,4,3,8.2,8.5,8.9,8.9,5.8,9,6.6,8,7.4,5.8,8.5,6.5,9,8,9,7,9,7,8,7,7,7,8,8,0.8,0,0.1,0,3.2,0,1.4,0,0,1.2,0,1.5,0.68,93.2,Not Placed,2026-07-24 18:00:00
231FA04821,CSE-DS,2027,7.51,No,0,4,2,9.2,5.9,5.6,6,8.7,4.9,8,9.1,6.6,6.4,6.9,5.4,8,8,8,8,8,7,8,7,8,8,8,7,0,2.1,2.4,2,0,2.1,0,0,1.4,1.6,1.1,1.6,1.19,88.1,Placed,2026-07-25 00:00:00
231FA04822,CSE,2027,8.68,Yes,2,5,5,10,8.5,6.1,6.6,7.9,6,5.8,8,8.9,8.8,7.6,7.3,8,8,7,6,9,7,7,7,7,8,9,8,0,0,0.9,0,1.1,1,1.2,0,0,0,1.4,0.7,0.52,94.8,Not Placed,2026-07-25 06:00:00
231FA04823,CSE,2027,7.17,Yes,10,4,3,7.1,8.3,5.5,6.1,6.6,6.8,7,7,7.9,4.9,5.1,6.2,8,8,8,7,9,7,7,7,7,7,8,8,0.9,0,2.5,0.9,2.4,0.2,0,0,0,2.1,2.9,1.8,1.14,88.6,Not Placed,2026-07-25 12:00:00
231FA04824,CSE,2027,7.05,Yes,5,3,3,8,6.1,6.9,7.1,7.3,8.9,7.8,8.2,6.8,8.8,7,4.5,9,8,9,6,8,7,8,8,7,8,7,8,1,1.9,2.1,0,0.7,0,0.2,0,0.2,0,0,3.5,0.8,92,Placed,2026-07-25 18:00:00
231FA04825,CSE,2027,7.29,No,0,6,4,10,7.3,7.9,5.9,9.9,6.2,6.7,5.3,7.7,6.8,5.3,7.1,8,8,9,7,8,7,7,7,6,7,8,9,0,0.7,1.1,1.1,0,0.8,0.3,1.7,0,0.2,2.7,1.9,0.88,91.2,Placed,2026-07-26 00:00:00
231FA04826,CSE-DS,2027,6.94,Yes,5,4,3,7.1,6.7,4.7,7.4,5.4,8.1,6.3,8.2,7,7.1,8.6,6,8,7,8,7,8,7,7,7,8,7,7,8,0.9,0.3,3.3,0,2.6,0,0.7,0,1,0,0,2,0.9,91,Placed,2026-07-26 06:00:00
231FA04827,CSE,2027,7.74,No,0,5,8,6.1,8.2,5.8,6.5,5.5,8.9,6.2,6.7,5.9,7,7.3,8.5,8,9,8,6,8,7,7,7,7,7,8,9,1.9,0.8,2.2,0,2.5,0,0.8,0.3,1.1,0,0.7,0.5,0.9,91,Not Placed,2026-07-26 12:00:00
231FA04828,CSE,2027,8.87,Yes,3,3,4,5.7,6.6,9.1,8.7,6.5,7.3,9.8,5.9,5,6.7,7.2,6.4,8,8,8,7,8,8,6,7,6,7,9,8,2.3,1.4,0,0,1.5,0.7,0,1.1,1,0.3,1.8,1.6,0.98,90.2,Placed,2026-07-26 18:00:00
231FA04829,CSE-AIML,2027,7.89,Yes,6,6,1,8.5,7.5,6.5,6.6,6.3,8.3,6.7,5.8,8.5,6.9,5.6,9.4,7,8,8,6,8,7,8,6,8,7,7,8,0,0.5,1.5,0,1.7,0,1.3,0.2,0,0.1,1.4,0,0.56,94.4,Placed,2026-07-27 00:00:00
231FA04830,CSE,2027,7.46,No,0,4,3,7.7,7,6.6,6.6,6.5,6.6,6.2,6.8,6.2,7.2,6.9,6,8,8,8,7,8,8,7,6,6,8,8,8,0.3,1,1.4,0.4,1.5,1.4,0.8,0,0,0.8,1.1,2,0.89,91.1,Placed,2026-07-27 06:00:00
231FA04831,CSE,2027,7.43,No,0,4,0,6.6,7.3,3.8,7.4,5.1,6.1,3.1,7.4,5.7,6,6.8,4.2,8,8,9,7,9,7,6,7,7,8,8,8,1.4,0.7,5.2,0,3.9,0.9,2.9,0,1.3,2,1.2,3.8,1.94,80.6,Not Placed,2026-07-27 12:00:00
231FA04832,CSE,2027,6.48,Yes,4,4,2,6.9,7.6,7.1,6.3,6.9,6.7,7.8,8.4,6.3,7.1,6,7.4,7,8,9,7,8,7,7,6,7,8,8,9,0.1,0.4,1.9,0.7,1.1,0.3,0,0,0.7,0.9,2,1.6,0.81,91.9,Not Placed,2026-07-27 18:00:00
231FA04833,CSE,2027,8.31,Yes,3,5,2,7.9,7.1,8,7.3,7.3,6.2,7.5,6.6,8.4,6.3,7.7,7,7,7,7,6,8,6,7,8,7,7,8,8,0,0,0,0,0.7,0,0,1.4,0,0.7,0.3,1,0.34,96.6,Placed,2026-07-28 00:00:00
231FA04834,CSE,2027,7.59,Yes,6,4,1,7.3,6.9,6,8.3,5.9,7.8,4.9,6.6,8.9,6.6,7.1,9,7,8,8,8,8,7,6,8,7,7,9,9,0,1.1,2,0,2.1,0,1.1,1.4,0,0.4,1.9,0,0.83,91.7,Placed,2026-07-28 06:00:00
231FA04835,CSE,2027,7.51,Yes,4,3,3,6.8,7.3,7.8,5.3,6.4,7.2,5,8.7,7.9,7.8,8.7,7.9,8,9,8,6,9,7,7,7,7,7,8,8,1.2,1.7,0.2,0.7,2.6,0,2,0,0,0,0,0.1,0.71,92.9,Placed,2026-07-28 12:00:00
231FA04836,CSE,2027,9.8,Yes,5,5,3,7.4,5.7,6.8,6.9,8.5,7.8,5.7,8.8,9.4,9.5,6.3,8.1,8,8,7,8,8,7,6,8,6,7,8,7,0.6,2.3,0.2,1.1,0,0,0.3,0,0,0,1.7,0,0.52,94.8,Placed,2026-07-28 18:00:00
231FA04837,CSE-DS,2027,7.87,Yes,6,4,3,5.9,9.6,7.2,6.7,6.5,7.6,7.8,5.1,8.9,7.8,8.9,9.3,7,7,9,7,8,7,7,6,7,6,7,9,1.1,0,1.8,0.3,1.5,0,0,0.9,0,0,0,0,0.47,95.3,Placed,2026-07-29 00:00:00
231FA04838,CSE,2027,7.09,Yes,10,3,0,6.6,7.7,6,6.1,8.6,5.8,6.9,5.5,5.9,6,8.5,7.3,8,8,7,7,8,6,7,7,7,7,7,8,1.4,0.3,1,0.9,0,0.2,0.1,1.5,1.1,1,0,0.7,0.68,93.2,Placed,2026-07-29 06:00:00
231FA04839,CSE-AIML,2027,7.33,No,0,3,3,7.8,4.5,6.8,6.3,7.4,9.8,3.8,7.3,9.5,6.1,7,7.6,7,8,8,7,7,6,7,8,7,8,7,8,0,3.5,1.2,0.7,0,0,3.2,0.7,0,1.9,0,0.4,0.97,90.3,Placed,2026-07-29 12:00:00
231FA04840,CSE-AIML,2027,8.51,Yes,6,5,5,4.9,7.9,6.6,10,7.3,6.7,8.7,8.2,8.7,10,6.9,9.8,7,8,8,6,8,6,6,7,7,7,8,8,2.1,0.1,1.4,0,0.7,0,0,0,0,0,1.1,0,0.45,95.5,Placed,2026-07-29 18:00:00
231FA04841,CSE,2027,7.73,No,0,2,2,9,5.7,5.8,6.7,6.4,8.8,5.6,7,5.7,6.8,9.3,8.9,8,7,8,8,9,6,6,7,7,6,9,8,0,1.3,2.2,1.3,2.6,0,0.4,0,1.3,0,0,0,0.76,92.4,Placed,2026-07-30 00:00:00
231FA04842,CSE-AIML,2027,6.57,Yes,12,3,1,7.1,7.4,7.2,6.3,9,8.3,6.9,6.4,6.5,7.1,6.6,8.1,8,8,8,6,8,7,7,6,8,7,7,8,0.9,0.6,0.8,0,0,0,0.1,0,1.5,0,0.4,0,0.36,96.4,Not Placed,2026-07-30 06:00:00
231FA04843,CSE,2027,8.34,No,0,4,2,7.6,5.8,5.6,8.2,5.6,6.6,6.5,5.5,7.4,6.9,6.2,9.6,8,7,8,7,8,7,7,8,7,8,8,8,0.4,1.2,2.4,0,2.4,0.4,0.5,2.5,0,1.1,1.8,0,1.06,89.4,Placed,2026-07-30 12:00:00
231FA04844,CSE-DS,2027,7.15,No,0,2,3,3.6,5.5,5.9,4.9,9.4,9.4,5.8,8.2,7.4,8.7,6.5,7.1,9,8,8,6,8,7,8,6,7,7,8,9,5.4,2.5,2.1,1.1,0,0,2.2,0,0,0,1.5,1.9,1.39,86.1,Placed,2026-07-30 18:00:00
231FA04845,CSE,2027,9.05,No,0,2,5,8.9,8.7,7.3,6,6.2,4.8,8.1,7.4,7.5,7.1,5.7,7.5,8,8,8,6,8,7,6,7,7,7,9,9,0,0,0.7,0,1.8,2.2,0,0,0,0,3.3,1.5,0.79,92.1,Placed,2026-07-31 00:00:00
231FA04846,CSE,2027,8.46,No,0,7,1,8.1,6.2,7.3,6.5,7,5.9,7,9.3,6.7,6.5,6.5,7.1,8,8,8,6,8,6,8,7,7,6,8,8,0,1.8,0.7,0,1,0.1,1,0,0.3,0,1.5,0.9,0.61,93.9,Placed,2026-07-31 06:00:00
231FA04847,CSE,2027,7.31,No,0,2,0,8.6,8.2,6.2,5.6,4.2,5.3,3.9,7.3,8.1,5.9,6.9,5,8,9,9,6,7,6,8,8,7,7,8,9,0,0.8,2.8,0.4,2.8,0.7,4.1,0.7,0,1.1,1.1,4,1.54,84.6,Placed,2026-07-31 12:00:00
231FA04848,CSE-DS,2027,8.61,Yes,6,5,2,5,7.5,7.9,9.5,10,7,8.5,7.8,7.4,7.3,7.2,7.3,8,8,7,8,9,7,7,7,7,7,8,7,3,0.5,0,0,0,0,0,0,0,0,0.8,0,0.36,96.4,Placed,2026-07-31 18:00:00
231FA04849,CSE,2027,7.7,Yes,6,2,4,9.1,7.3,9.2,5.9,3.5,6.4,6,5.1,8.6,5.3,7.7,9.5,8,7,9,8,8,7,7,8,7,7,8,8,0,0,0,2.1,4.5,0.6,1,2.9,0,1.7,0.3,0,1.09,89.1,Not Placed,2026-08-01 00:00:00
231FA04850,CSE-AIML,2027,8.29,Yes,2,2,1,5.4,6.6,8.6,6.4,7.3,7.7,7.1,6.3,5.9,5.5,7.6,6.1,8,9,8,8,8,7,8,7,7,7,8,8,2.6,2.4,0,1.6,0.7,0,0.9,0.7,1.1,1.5,0.4,1.9,1.15,88.5,Placed,2026-08-01 06:00:00
231FA04851,CSE,2027,8.01,No,0,4,5,8.7,9.2,5.7,8.1,9.8,6.1,8.7,7.9,8.4,6.2,9.6,6.3,9,8,8,7,8,7,7,8,7,7,9,8,0.3,0,2.3,0,0,0.9,0,0.1,0,0.8,0,1.7,0.51,94.9,Placed,2026-08-01 12:00:00
231FA04852,CSE-AIML,2027,7.02,No,0,6,2,7.8,6.9,7.7,5.8,5.4,7.3,6.5,6.5,7.7,5.1,8.5,7.1,7,8,8,7,8,7,6,7,7,7,8,8,0,1.1,0.3,1.2,2.6,0,0,0.5,0,1.9,0,0.9,0.71,92.9,Not Placed,2026-08-01 18:00:00
231FA04853,CSE,2027,7.17,Yes,6,3,1,7.7,7.4,7.5,5.3,8.2,7.1,6.2,6.6,7.2,7,7.5,8.8,8,9,8,6,8,6,7,7,7,7,8,9,0.3,1.6,0.5,0.7,0,0,0.8,0.4,0,0,0.5,0.2,0.42,95.8,Placed,2026-08-02 00:00:00
231FA04854,CSE-DS,2027,8.42,Yes,5,4,2,5.9,8.2,7.1,8.7,9.3,7.5,8,8.7,8.5,8.8,6.9,6.6,8,8,9,8,7,6,7,7,7,7,8,8,2.1,0,1.9,0,0,0,0,0,0,0,1.1,1.4,0.54,94.6,Not Placed,2026-08-02 06:00:00
231FA04855,CSE,2027,7.4,Yes,4,5,5,6,7.1,7.3,7.2,8,8,7.3,7.8,8.4,6.4,8.5,6.6,9,8,9,7,8,7,7,7,8,7,9,9,3,0.9,1.7,0,0,0,0,0,0,0.6,0.5,2.4,0.76,92.4,Placed,2026-08-02 12:00:00
231FA04856,CSE,2027,7.35,No,0,2,0,8.2,6.6,6.5,4.2,7.2,6.5,6.6,6.3,7.2,7.4,7,8.1,8,8,8,7,8,8,7,8,7,7,7,8,0,1.4,1.5,2.8,0.8,1.5,0.4,1.7,0,0,0,0,0.84,91.6,Placed,2026-08-02 18:00:00
231FA04857,CSE,2027,6.93,Yes,3,1,4,5.8,6,7.2,7.6,7.4,5.1,5.2,6.5,4.5,7.1,6.6,5.6,9,8,8,6,8,6,6,7,8,7,8,9,3.2,2,0.8,0,0.6,0.9,0.8,0.5,3.5,0,1.4,3.4,1.42,85.8,Not Placed,2026-08-03 00:00:00
231FA04858,CSE,2027,7.97,Yes,8,3,3,6.4,7.2,5.2,6.3,6.8,6.7,6.8,8.8,8.3,6.3,5.8,6.6,8,8,9,7,9,7,7,7,7,7,9,8,1.6,0.8,3.8,0.7,2.2,0.3,0.2,0,0,0.7,3.2,1.4,1.24,87.6,Placed,2026-08-03 06:00:00
231FA04859,CSE-AIML,2027,9.2,Yes,10,3,1,8.7,4.5,7.3,6.8,8.7,8.4,5.3,8.7,4.3,7.9,8.1,9.3,9,8,7,8,8,6,6,8,6,8,7,8,0.3,3.5,0,1.2,0,0,0.7,0,1.7,0.1,0,0,0.62,93.8,Not Placed,2026-08-03 12:00:00
231FA04860,CSE,2027,6.85,Yes,6,2,2,7,5.8,5.4,8.5,8.8,6.1,6.7,8.4,7.6,6.4,5.7,5.6,8,7,9,6,7,7,7,7,6,8,8,8,1,1.2,3.6,0,0,0.9,0.3,0,0,1.6,2.3,2.4,1.11,88.9,Placed,2026-08-03 18:00:00
231FA04861,CSE-AIML,2027,7.67,No,0,2,4,8,6.3,6.3,7.6,6.9,7.3,6.4,6.3,5.9,7.7,6.9,7.2,7,8,9,6,8,7,7,6,7,7,7,8,0,1.7,2.7,0,1.1,0,0.6,0,1.1,0,0.1,0.8,0.68,93.2,Placed,2026-08-04 00:00:00
231FA04862,CSE,2027,8.71,No,0,3,4,5.8,8,7.5,8,7.6,7.5,4.8,8.5,5.5,8.4,7,5.1,8,9,8,7,8,6,7,6,8,8,8,8,2.2,1,0.5,0,0.4,0,2.2,0,2.5,0,1,2.9,1.06,89.4,Placed,2026-08-04 06:00:00
231FA04863,CSE,2027,7.59,No,0,3,1,6.6,4.8,8,6,5.4,7.5,6.6,7.3,6.5,8.1,6.2,4.7,8,8,7,7,8,6,7,6,8,6,8,7,1.4,3.2,0,1,2.6,0,0.4,0,1.5,0,1.8,2.3,1.18,88.2,Placed,2026-08-04 12:00:00
231FA04864,CSE,2027,7.99,Yes,8,4,3,5.9,7.8,6.4,8.8,5.8,8.5,6.7,8.9,7.9,7.5,8,8.8,8,8,7,7,8,7,7,6,7,7,8,9,2.1,0.2,0.6,0,2.2,0,0.3,0,0,0,0,0.2,0.47,95.3,Placed,2026-08-04 18:00:00
231FA04865,CSE,2027,6.85,No,0,4,5,6.9,4.6,8.5,6.6,10,6.2,6.5,7.9,7.9,7.5,6.3,5.5,9,8,8,7,8,7,6,7,7,6,7,8,2.1,3.4,0,0.4,0,0.8,0,0,0,0,0.7,2.5,0.82,91.8,Not Placed,2026-08-05 00:00:00
231FA04866,CSE-AIML,2027,7.97,Yes,2,3,1,6.1,5,9.5,5.7,6.6,7.8,6.9,6.2,6.7,6.2,6.6,7.4,8,7,8,7,8,8,8,7,7,7,8,8,1.9,2,0,1.3,1.4,0.2,1.1,0.8,0.3,0.8,1.4,0.6,0.98,90.2,Not Placed,2026-08-05 06:00:00
231FA04867,CSE,2027,7.51,No,0,3,3,5.5,8.2,6.9,6.1,6.4,8.3,7.8,7.1,6.1,7.5,6.8,9,8,7,7,7,8,7,7,6,7,6,7,9,2.5,0,0.1,0.9,1.6,0,0,0,0.9,0,0.2,0,0.52,94.8,Not Placed,2026-08-05 12:00:00
231FA04868,CSE,2027,8.39,Yes,4,4,2,7.2,9.3,7.5,5.9,10,5.4,4.7,4.6,10,9.9,7.4,7.8,9,8,8,7,8,7,7,8,7,7,7,8,1.8,0,0.5,1.1,0,1.6,2.3,3.4,0,0,0,0.2,0.91,90.9,Placed,2026-08-05 18:00:00
231FA04869,CSE-DS,2027,8.54,Yes,4,2,2,7.3,4.8,8.8,8.7,5.5,7.4,6.9,6.7,6.2,6.9,6.3,8.3,8,9,8,7,7,7,6,6,8,6,7,8,0.7,4.2,0,0,1.5,0,0,0,1.8,0,0.7,0,0.74,92.6,Placed,2026-08-06 00:00:00
231FA04870,CSE-DS,2027,9.59,No,0,3,1,7,6.2,7,6.9,6.8,7.9,6.7,6.3,5.4,7,8.6,6.9,7,7,8,7,8,7,8,7,6,7,9,8,0,0.8,1,0.1,1.2,0,1.3,0.7,0.6,0,0.4,1.1,0.6,94,Placed,2026-08-06 06:00:00
231FA04871,CSE,2027,8.08,No,0,4,2,6.3,6,4.8,8.4,7.6,7.9,7.3,5.9,6.6,6.3,6.4,6.4,8,8,7,6,8,7,7,7,8,7,8,8,1.7,2,2.2,0,0.4,0,0,1.1,1.4,0.7,1.6,1.6,1.06,89.4,Placed,2026-08-06 12:00:00
231FA04872,CSE,2027,7.89,Yes,8,4,3,8.6,9.7,6.1,7,7.5,6,7.3,7.6,7.1,8,7.2,3.6,8,8,8,7,8,7,7,7,7,7,8,8,0,0,1.9,0,0.5,1,0,0,0,0,0.8,4.4,0.72,92.8,Placed,2026-08-06 18:00:00
231FA04873,CSE-AIML,2027,7.8,No,0,5,5,6.1,9.1,7.9,3.7,5.4,8.2,6.5,3.9,8.6,8.2,6.2,8.8,9,7,9,7,8,6,8,7,7,7,8,9,2.9,0,1.1,3.3,2.6,0,1.5,3.1,0,0,1.8,0.2,1.38,86.2,Not Placed,2026-08-07 00:00:00
231FA04874,CSE,2027,7.39,Yes,5,4,5,6.3,6.5,6.7,4.9,7.8,7.9,6.7,8.1,5.3,8.1,7.7,6.4,7,8,9,7,7,7,7,8,6,7,8,7,0.7,1.5,2.3,2.1,0,0,0.3,0,0.7,0,0.3,0.6,0.71,92.9,Placed,2026-08-07 06:00:00
231FA04875,CSE,2027,7.9,Yes,5,1,2,7.3,5.7,8.1,7.4,7.2,6.2,7.7,8.3,8.8,6.1,7.8,8.5,7,8,8,7,7,7,7,6,7,7,8,8,0,2.3,0,0,0,0.8,0,0,0,0.9,0.2,0,0.35,96.5,Placed,2026-08-07 12:00:00
231FA04876,CSE,2027,7.43,Yes,3,2,3,6.6,8.6,7.1,5.6,6,5.1,6.8,6.7,7.1,8.6,6.8,6.5,7,8,9,7,8,6,6,7,7,7,7,8,0.4,0,1.9,1.4,2,0.9,0,0.3,0,0,0.2,1.5,0.72,92.8,Placed,2026-08-07 18:00:00
231FA04877,CSE-AIML,2027,7.78,Yes,5,4,0,6.7,4.6,7.8,6.7,7,6.7,7.1,5.3,6.9,6.2,7,5.7,9,8,8,7,8,7,7,7,7,7,8,9,2.3,3.4,0.2,0.3,1,0.3,0,1.7,0.1,0.8,1,3.3,1.2,88,Placed,2026-08-08 00:00:00
231FA04878,CSE-AIML,2027,8.64,Yes,4,4,4,8,7.5,5.8,8.6,6.8,7,8.4,8.8,6.8,7.6,8.3,9,8,8,8,7,8,7,7,7,7,7,8,9,0,0.5,2.2,0,1.2,0,0,0,0.2,0,0,0,0.34,96.6,Placed,2026-08-08 06:00:00
231FA04879,CSE,2027,6.9,Yes,6,2,2,6.8,7.3,5.5,4.8,7.4,5.7,5.5,7.5,6.5,7,5.1,5.5,8,9,8,7,8,7,8,7,7,6,8,8,1.2,1.7,2.5,2.2,0.6,1.3,2.5,0,0.5,0,2.9,2.5,1.49,85.1,Placed,2026-08-08 12:00:00
231FA04880,CSE,2027,8.5,Yes,4,3,6,9.5,6.6,7.2,7.7,6.1,9.1,7.4,7.1,8.8,8.6,9.9,6.9,8,7,8,6,8,8,7,6,7,8,8,8,0,0.4,0.8,0,1.9,0,0,0,0,0,0,1.1,0.35,96.5,Placed,2026-08-08 18:00:00
231FA04881,CSE,2027,8.64,No,0,5,2,9.9,8,9.3,8.4,6.4,6.1,4.9,4.7,6.4,8.8,6.6,6.3,8,9,7,7,7,7,7,7,8,7,8,8,0,1,0,0,0.6,0.9,2.1,2.3,1.6,0,1.4,1.7,0.97,90.3,Placed,2026-08-09 00:00:00
231FA04882,CSE-AIML,2027,7.56,Yes,3,2,4,7.8,5.9,9.3,6.6,8.1,6.7,7,8.4,7.3,8.8,6,5.3,8,8,8,7,7,7,7,6,7,8,8,9,0.2,2.1,0,0.4,0,0.3,0,0,0,0,2,3.7,0.72,92.8,Not Placed,2026-08-09 06:00:00
231FA04883,CSE,2027,6.06,No,0,5,4,4.6,8.4,8,6.5,7.2,8.2,6.6,4.6,4.6,5.5,7,5.7,8,9,8,7,8,7,7,7,7,7,9,8,3.4,0.6,0,0.5,0.8,0,0.4,2.4,2.4,1.5,2,2.3,1.36,86.4,Not Placed,2026-08-09 12:00:00
231FA04884,CSE,2027,7.19,Yes,3,4,2,8.3,5.4,6.1,4.7,6.4,7,8.3,7.1,7.9,8.2,7.5,5.9,8,8,9,6,8,6,7,7,7,6,7,8,0,2.6,2.9,1.3,1.6,0,0,0,0,0,0,2.1,0.88,91.2,Placed,2026-08-09 18:00:00
231FA04885,CSE-AIML,2027,8.62,No,0,5,4,7.8,9.2,7,8,8,6.9,8.5,6.9,7.9,7,7.4,8.5,8,8,8,7,8,7,6,7,8,7,8,7,0.2,0,1,0,0,0.1,0,0.1,0.1,0,0.6,0,0.18,98.2,Not Placed,2026-08-10 00:00:00
231FA04886,CSE,2027,7.63,Yes,12,1,1,4.2,7.4,7.5,5.9,6.6,5.4,5.6,7,9.9,7.5,5.6,7.6,9,9,7,8,7,6,7,7,6,6,8,7,4.8,1.6,0,2.1,0.4,0.6,1.4,0,0,0,2.4,0,1.11,88.9,Placed,2026-08-10 06:00:00
231FA04887,CSE-AIML,2027,6.9,Yes,5,3,1,7.4,4.6,6.3,6.5,6.9,6.7,6.9,5.6,6.3,6.4,8.2,5.8,8,8,9,7,7,6,7,8,6,7,8,8,0.6,3.4,2.7,0.5,0.1,0,0.1,2.4,0,0.6,0,2.2,1.05,89.5,Not Placed,2026-08-10 12:00:00
231FA04888,CSE,2027,7.27,Yes,5,7,3,7.1,7,9.4,8.3,6.3,7.9,6.2,7.8,9.1,5,6.2,7.6,8,9,7,7,8,7,7,6,6,7,8,8,0.9,2,0,0,1.7,0,0.8,0,0,2,1.8,0.4,0.8,92,Placed,2026-08-10 18:00:00
231FA04889,CSE,2027,8.28,Yes,10,5,4,7,7.7,7.4,5.4,8.3,5.8,7.7,6.9,10,7.3,7.9,8.2,8,7,8,7,8,7,7,7,7,6,8,8,1,0,0.6,1.6,0,1.2,0,0.1,0,0,0.1,0,0.38,96.2,Not Placed,2026-08-11 00:00:00
231FA04890,CSE,2027,8.06,Yes,12,4,2,7.6,7.1,5.9,7,4.8,7.8,10,7.4,7.6,5.2,6.1,8.3,8,9,8,8,8,7,8,7,7,6,9,8,0.4,1.9,2.1,1,3.2,0,0,0,0,0.8,2.9,0,1.03,89.7,Not Placed,2026-08-11 06:00:00
231FA04891,CSE-AIML,2027,7.47,No,0,2,2,4.8,5.7,7.3,7.6,6.5,6.7,6.7,5.1,6.5,6.9,6.5,4.2,8,8,9,7,8,7,8,7,7,6,8,8,3.2,2.3,1.7,0,1.5,0.3,1.3,1.9,0.5,0,1.5,3.8,1.5,85,Not Placed,2026-08-11 12:00:00
231FA04892,CSE-DS,2027,7.37,No,0,2,4,8.7,5.4,6.8,7.1,6.2,7,5.8,9.4,6.4,7.9,5.4,7.6,9,9,8,7,8,8,7,8,8,7,8,8,0.3,3.6,1.2,0,1.8,1,1.2,0,1.6,0,2.6,0.4,1.14,88.6,Not Placed,2026-08-11 18:00:00
231FA04893,CSE-DS,2027,7.36,No,0,1,2,5.6,4.7,5.1,5.4,6.6,10,9.9,6,7.7,4.9,3.8,6.5,8,8,8,7,8,7,8,7,6,7,8,8,2.4,3.3,2.9,1.6,1.4,0,0,1,0,2.1,4.2,1.5,1.7,83,Not Placed,2026-08-12 00:00:00
231FA04894,CSE,2027,6.96,No,0,4,1,7.3,7.6,8,6.2,6.7,7.7,8.1,5.5,6.9,7.5,6.8,5.9,8,7,8,8,9,8,7,6,6,7,8,8,0.7,0,0,1.8,2.3,0.3,0,0.5,0,0,1.2,2.1,0.74,92.6,Placed,2026-08-12 06:00:00
231FA04895,CSE-AIML,2027,8.86,Yes,4,2,3,7.2,7.8,6.2,5.7,9.7,7.4,8.3,7.4,8.5,7.3,7.9,5.8,7,8,7,7,8,6,8,7,7,6,8,8,0,0.2,0.8,1.3,0,0,0,0,0,0,0.1,2.2,0.38,96.2,Placed,2026-08-12 12:00:00
231FA04896,CSE,2027,7.41,Yes,6,5,0,4.8,6.4,5.2,4.3,7.4,4.8,8.2,8.8,5.2,7.3,9.3,6.4,8,8,8,6,7,6,8,7,8,7,9,8,3.2,1.6,2.8,1.7,0,1.2,0,0,2.8,0,0,1.6,1.24,87.6,Placed,2026-08-12 18:00:00
231FA04897,CSE,2027,8.56,Yes,6,4,1,7.9,10,5.1,5.9,7.9,9.9,6.3,10,7.3,4.7,9.2,6.6,8,8,9,6,7,7,7,6,8,7,8,9,0.1,0,3.9,0.1,0,0,0.7,0,0.7,2.3,0,2.4,0.85,91.5,Placed,2026-08-13 00:00:00
231FA04898,CSE-DS,2027,8.79,Yes,4,1,3,7.6,4.9,6.1,5.1,5,7.1,7.7,6.3,5.2,5.4,7.5,7.2,9,8,8,7,9,7,7,6,7,7,8,9,1.4,3.1,1.9,1.9,4,0,0,0,1.8,1.6,0.5,1.8,1.5,85,Placed,2026-08-13 06:00:00
231FA04899,CSE,2027,8.4,Yes,3,4,3,7.8,9.2,8,7.8,10,7,10,9.1,6.9,8.3,7,5.5,9,7,8,8,8,6,7,7,7,8,7,8,1.2,0,0,0.2,0,0,0,0,0.1,0,0,2.5,0.33,96.7,Placed,2026-08-13 12:00:00
231FA04900,CSE,2027,7.33,Yes,6,4,2,7,5.2,7.3,8,6.7,7.3,7.3,8.1,7.1,6.6,8,7.2,8,8,7,8,8,7,7,6,8,8,8,9,1,2.8,0,0,1.3,0,0,0,0.9,1.4,0,1.8,0.77,92.3,Placed,2026-08-13 18:00:00
231FA04901,CSE,2027,7.95,Yes,3,1,0,3.9,6.2,6,6.8,6.7,4.2,4.7,5.4,6.7,8,4.6,5.8,9,8,7,8,8,7,8,7,7,7,8,8,5.1,1.8,1,1.2,1.3,2.8,3.3,1.6,0.3,0,3.4,2.2,2,80,Not Placed,2026-08-14 00:00:00
231FA04902,CSE,2027,7.63,Yes,5,4,4,7.2,6.1,7.3,8,6.3,7.6,7.1,5.8,7,7.8,9,9.3,8,7,8,8,9,7,6,7,8,7,8,8,0.8,0.9,0.7,0,2.7,0,0,1.2,1,0,0,0,0.61,93.9,Placed,2026-08-14 06:00:00
231FA04903,CSE,2027,6.97,No,0,4,1,5.9,5.9,6.7,6,8.2,6.8,6.7,7.5,6.9,7,7,6.5,7,8,8,8,8,7,6,6,7,7,8,8,1.1,2.1,1.3,2,0,0.2,0,0,0.1,0,1,1.5,0.78,92.2,Placed,2026-08-14 12:00:00
231FA04904,CSE-AIML,2027,7.89,No,0,4,3,5.9,9.2,5.9,9.1,7.4,6.2,7.7,8,9.1,5.4,6.8,8.7,8,8,7,7,8,6,7,7,7,7,8,8,2.1,0,1.1,0,0.6,0,0,0,0,1.6,1.2,0,0.55,94.5,Placed,2026-08-14 18:00:00
231FA04905,CSE,2027,6.77,Yes,6,4,1,7.7,7.4,8.7,6.6,3.8,6.4,9.3,7.2,5.8,8.5,7.9,7,9,8,8,7,8,7,7,6,8,7,8,7,1.3,0.6,0,0.4,4.2,0.6,0,0,2.2,0,0.1,0,0.78,92.2,Not Placed,2026-08-15 00:00:00
231FA04906,CSE-DS,2027,8.54,No,0,2,3,7.6,5.6,6.4,6.8,8.3,6.2,6.9,8.7,10,5.8,7.1,5,9,7,8,8,8,6,8,7,7,8,8,7,1.4,1.4,1.6,1.2,0,0,1.1,0,0,2.2,0.9,2,0.98,90.2,Not Placed,2026-08-15 06:00:00
231FA04907,CSE-DS,2027,7.3,No,0,4,4,6.9,6.6,8.5,5.5,5.3,8.9,6.2,7.2,7.3,6,6,8.4,7,8,7,6,8,7,7,6,7,7,8,8,0.1,1.4,0,0.5,2.7,0,0.8,0,0,1,2,0,0.71,92.9,Placed,2026-08-15 12:00:00
231FA04908,CSE,2027,7.8,Yes,6,3,2,7.8,7,6.8,7.4,7.5,8.6,7,7.5,7.9,7.9,8.8,7,9,8,8,7,8,7,7,8,7,7,8,8,1.2,1,1.2,0,0.5,0,0,0.5,0,0,0,1,0.45,95.5,Placed,2026-08-15 18:00:00
231FA04909,CSE,2027,7.86,Yes,6,2,2,6.2,6.4,7.7,6.7,9.7,6.9,5.7,7.3,8.8,5.9,5.8,6.6,7,8,7,7,7,7,8,7,8,8,8,8,0.8,1.6,0,0.3,0,0.1,2.3,0,0,2.1,2.2,1.4,0.9,91,Placed,2026-08-16 00:00:00
231FA04910,CSE,2027,7.46,Yes,3,4,0,6.1,5.2,4.9,7.2,7.8,6,6.8,7.1,5.5,7.9,7.1,7.5,8,8,9,7,8,7,7,6,6,7,8,8,1.9,2.8,4.1,0,0.2,1,0.2,0,0.5,0,0.9,0.5,1.01,89.9,Placed,2026-08-16 06:00:00
231FA04911,CSE-AIML,2027,8.09,No,0,2,3,7.6,9.8,5.5,5.7,8.9,7.6,6.9,6.2,6.5,6.5,4.9,8,9,9,9,8,9,6,7,7,8,7,7,8,1.4,0,3.5,2.3,0.1,0,0.1,0.8,1.5,0.5,2.1,0,1.02,89.8,Placed,2026-08-16 12:00:00
231FA04912,CSE,2027,7.29,No,0,1,2,3.9,5.4,5.9,9.1,6.3,6.8,5.3,7.5,9.9,7.1,6,3.9,9,9,7,7,7,7,6,7,7,7,8,7,5.1,3.6,1.1,0,0.7,0.2,0.7,0,0,0,2,3.1,1.38,86.2,Not Placed,2026-08-16 18:00:00
231FA04913,CSE-AIML,2027,8.3,Yes,5,3,3,8,5.9,6.2,8.3,6.6,7,8.1,6.3,5.5,7.7,8.1,6.4,8,9,8,7,7,7,7,8,7,6,8,8,0,3.1,1.8,0,0.4,0,0,1.7,1.5,0,0,1.6,0.84,91.6,Not Placed,2026-08-17 00:00:00
231FA04914,CSE,2027,6.64,Yes,6,2,2,5.8,5.3,7.5,9,7.8,6.5,7.5,5.6,7.1,5.3,6.5,8,9,8,7,7,8,7,8,7,7,6,8,8,3.2,2.7,0,0,0.2,0.5,0.5,1.4,0,0.7,1.5,0,0.89,91.1,Not Placed,2026-08-17 06:00:00
231FA04915,CSE-AIML,2027,7.74,Yes,8,2,6,8.2,7.9,7.7,6.2,7.3,8.1,6.9,6.9,6.6,6.8,6.2,7.2,8,9,8,7,8,7,8,7,7,6,8,9,0,1.1,0.3,0.8,0.7,0,1.1,0.1,0.4,0,1.8,1.8,0.68,93.2,Placed,2026-08-17 12:00:00
231FA04916,CSE,2027,9.1,Yes,3,3,3,6.9,5.5,10,6,7.2,7.4,6.7,7.2,6.3,8.2,7.3,8.2,7,7,8,7,8,7,7,8,7,7,8,8,0.1,1.5,0,1,0.8,0,0.3,0.8,0.7,0,0.7,0,0.49,95.1,Placed,2026-08-17 18:00:00
231FA04917,CSE,2027,6.9,Yes,3,4,1,8.7,6.5,7.8,8.8,6.7,7.7,6.3,8.3,6.2,7.7,8.1,5.4,8,7,8,8,9,7,6,7,7,7,7,9,0,0.5,0.2,0,2.3,0,0,0,0.8,0,0,3.6,0.62,93.8,Not Placed,2026-08-18 00:00:00
231FA04918,CSE-DS,2027,7.14,No,0,2,2,5.7,5.6,7.9,5.1,6.9,7.4,6.7,8.1,4.1,7.3,6.3,4.6,8,9,8,6,8,7,8,7,8,6,9,8,2.3,3.4,0.1,0.9,1.1,0,1.3,0,3.9,0,2.7,3.4,1.59,84.1,Not Placed,2026-08-18 06:00:00
231FA04919,CSE-AIML,2027,8.04,No,0,3,3,5.6,8.9,7.7,7.9,8.1,5.2,7.2,8.3,6.4,8.6,6.1,7.1,8,8,8,7,8,7,6,8,6,7,9,8,2.4,0,0.3,0,0,1.8,0,0,0,0,2.9,0.9,0.69,93.1,Placed,2026-08-18 12:00:00
231FA04920,CSE,2027,7.78,No,0,5,5,7.8,8.2,6.9,8.5,7.8,5.2,9.6,6.1,9.7,7.1,6.8,7.8,8,8,8,7,8,6,8,7,7,8,9,8,0.2,0,1.1,0,0.2,0.8,0,0.9,0,0.9,2.2,0.2,0.54,94.6,Not Placed,2026-08-18 18:00:00
231FA04921,CSE-DS,2027,7.91,No,0,3,4,6.1,4.6,6.8,7.4,8.9,5.5,7.7,6.8,7,8.2,6.3,7.2,8,8,9,7,8,8,6,7,8,6,7,8,1.9,3.4,2.2,0,0,2.5,0,0.2,1,0,0.7,0.8,1.06,89.4,Not Placed,2026-08-19 00:00:00
231FA04922,CSE,2027,8.02,No,0,4,1,8.2,8.2,5.3,6.1,6.7,7.9,6.5,7,8.4,6.4,8.7,4.9,8,8,7,7,8,7,7,8,7,7,8,8,0,0,1.7,0.9,1.3,0,0.5,1,0,0.6,0,3.1,0.76,92.4,Not Placed,2026-08-19 06:00:00
231FA04923,CSE-DS,2027,8.13,Yes,3,6,0,6.8,5.5,7.4,8.2,7,6.7,5.5,9.3,7.2,6.7,9.2,6.8,7,8,8,6,8,7,6,8,8,7,9,8,0.2,2.5,0.6,0,1,0.3,0.5,0,0.8,0.3,0,1.2,0.62,93.8,Placed,2026-08-19 12:00:00
231FA04924,CSE-AIML,2027,8.48,Yes,2,5,7,6.6,6.9,6.7,6.4,6.9,10,6.3,5.9,8.1,7.7,8.6,7.1,8,8,9,6,8,7,7,7,6,7,9,9,1.4,1.1,2.3,0,1.1,0,0.7,1.1,0,0,0.4,1.9,0.83,91.7,Not Placed,2026-08-19 18:00:00
231FA04925,CSE,2027,7.96,Yes,3,1,4,5.8,9,4.9,7.4,7.8,8,6.6,5.4,8.8,6.4,8.8,7.4,8,7,7,7,7,6,7,6,7,7,8,9,2.2,0,2.1,0,0,0,0.4,0.6,0,0.6,0,1.6,0.62,93.8,Placed,2026-08-20 00:00:00
231FA04926,CSE,2027,7.47,No,0,4,1,6.1,7.2,8.2,6.9,5.8,4.5,6.2,7.8,5.5,7.6,6.8,7.7,8,8,9,8,8,6,8,7,6,8,8,8,1.9,0.8,0.8,1.1,2.2,1.5,1.8,0,0.5,0.4,1.2,0.3,1.04,89.6,Not Placed,2026-08-20 06:00:00
231FA04927,CSE,2027,8.15,Yes,5,4,1,4.2,5.3,6.5,9.4,6.1,6.9,9.8,7.6,8.2,6.3,8.6,8.8,9,8,8,7,8,8,8,7,7,7,8,8,4.8,2.7,1.5,0,1.9,1.1,0,0,0,0.7,0,0,1.06,89.4,Placed,2026-08-20 12:00:00
231FA04928,CSE,2027,9.07,No,0,5,5,8.1,7.4,8.2,5.5,8.9,6.5,7.2,9.2,8.9,5.5,6.3,8.3,7,8,8,8,8,8,7,7,6,7,8,8,0,0.6,0,2.5,0,1.5,0,0,0,1.5,1.7,0,0.65,93.5,Placed,2026-08-20 18:00:00
231FA04929,CSE-AIML,2027,7.55,Yes,6,3,7,5.2,9.1,7.5,9.1,6.4,6.5,8.6,7,5.8,8,5.3,9.1,7,8,7,6,8,8,7,7,7,7,7,7,1.8,0,0,0,1.6,1.5,0,0,1.2,0,1.7,0,0.65,93.5,Placed,2026-08-21 00:00:00
231FA04930,CSE,2027,6.92,Yes,8,2,2,6.9,5.6,8.1,8.1,6.7,9.5,9.5,7.1,8,8.3,5.3,7,7,8,9,7,7,7,7,7,6,8,9,7,0.1,2.4,0.9,0,0.3,0,0,0,0,0,3.7,0,0.62,93.8,Placed,2026-08-21 06:00:00
231FA04931,CSE,2027,8.48,Yes,2,1,4,6.2,6,7.2,7.3,5,7.5,6.7,8.8,8.5,6,8.7,7.7,8,9,9,7,7,7,7,6,8,6,7,8,1.8,3,1.8,0,2,0,0.3,0,0,0,0,0.3,0.77,92.3,Not Placed,2026-08-21 12:00:00
231FA04932,CSE-DS,2027,7.56,Yes,5,4,2,6.8,6.4,5.6,5.5,4.8,7.1,4.5,6,7.9,8.9,5.6,7.8,7,8,8,6,8,7,7,6,7,7,8,9,0.2,1.6,2.4,0.5,3.2,0,2.5,0,0,0,2.4,1.2,1.17,88.3,Placed,2026-08-21 18:00:00
231FA04933,CSE-DS,2027,6.02,No,0,3,1,6,5.7,6.5,5.5,6.2,6.4,7.8,8.1,5.6,6,7.3,6.1,8,7,8,6,8,6,7,7,7,7,7,8,2,1.3,1.5,0.5,1.8,0,0,0,1.4,1,0,1.9,0.95,90.5,Not Placed,2026-08-22 00:00:00
231FA04934,CSE,2027,8.29,No,0,4,5,8.1,8.4,8.5,7.3,5.8,7,6.6,8.2,9.1,9.2,8.3,6.1,7,8,8,6,7,7,7,7,7,7,8,8,0,0,0,0,1.2,0,0.4,0,0,0,0,1.9,0.29,97.1,Placed,2026-08-22 06:00:00
231FA04935,CSE,2027,7.25,Yes,4,5,6,9.2,8,6.4,8.5,7.2,5,6.2,7.3,7.3,6.1,8.4,8.1,8,8,8,7,7,6,6,7,7,7,7,7,0,0,1.6,0,0,1,0,0,0,0.9,0,0,0.29,97.1,Placed,2026-08-22 12:00:00
231FA04936,CSE,2027,7.58,Yes,6,2,1,4.9,10,5.2,6.2,7.2,6.2,8.6,6.5,5.6,7.5,3.1,7.4,8,7,8,8,8,7,7,7,7,7,8,8,3.1,0,2.8,1.8,0.8,0.8,0,0.5,1.4,0,4.9,0.6,1.39,86.1,Not Placed,2026-08-22 18:00:00
231FA04937,CSE,2027,7.9,Yes,10,3,2,8.6,4.1,6.5,4.9,7,9.8,7.3,6.7,3.5,5.6,6.8,7.1,7,7,9,7,8,7,7,7,7,7,7,7,0,2.9,2.5,2.1,1,0,0,0.3,3.5,1.4,0.2,0,1.16,88.4,Placed,2026-08-23 00:00:00
231FA04938,CSE-DS,2027,7.79,Yes,8,2,0,7.1,7.7,5.6,6.7,6.1,5.5,5.6,7.4,3.5,4.4,10,5.9,8,9,8,7,7,7,6,7,8,7,9,9,0.9,1.3,2.4,0.3,0.9,1.5,0.4,0,4.5,2.6,0,3.1,1.49,85.1,Placed,2026-08-23 06:00:00
231FA04939,CSE,2027,8.18,Yes,6,4,2,9,7.1,6.5,8,7.3,7,7.1,7.7,6.3,6.6,6,5.7,9,9,9,7,8,8,6,8,7,6,9,9,0,1.9,2.5,0,0.7,1,0,0.3,0.7,0,3,3.3,1.12,88.8,Placed,2026-08-23 12:00:00
231FA04940,CSE-AIML,2027,7.32,No,0,4,4,9.3,5.8,8.2,6.5,7.6,7,4.7,7,7.7,5.8,9.9,8,8,8,8,8,8,8,7,7,6,6,8,8,0,2.2,0,1.5,0.4,1,2.3,0,0,0.2,0,0,0.63,93.7,Not Placed,2026-08-23 18:00:00
231FA04941,CSE,2027,8.03,Yes,4,3,2,8.1,8.2,4.1,7.9,9.9,8,6.7,5.6,5.5,5.4,6.5,5.7,7,8,7,7,8,7,6,8,8,7,7,8,0,0,2.9,0,0,0,0,2.4,2.5,1.6,0.5,2.3,1.02,89.8,Placed,2026-08-24 00:00:00
231FA04942,CSE-AIML,2027,7.46,Yes,6,2,2,6.6,7,4.6,5.8,6.1,6,6.8,6.9,6.3,6,6.8,8.6,9,7,8,7,8,7,7,7,7,7,8,7,2.4,0,3.4,1.2,1.9,1,0.2,0.1,0.7,1,1.2,0,1.09,89.1,Not Placed,2026-08-24 06:00:00
231FA04943,CSE-AIML,2027,8.2,Yes,5,5,1,5.4,8.6,5.2,7.7,8.5,5.6,7.7,5.9,8.7,5.2,6.1,7.4,9,8,9,7,9,6,6,7,8,6,8,7,3.6,0,3.8,0,0.5,0.4,0,1.1,0,0.8,1.9,0,1.01,89.9,Placed,2026-08-24 12:00:00
231FA04944,CSE-DS,2027,8.11,Yes,3,3,3,8,7.2,7.7,6.4,5.8,9,7.7,6.5,5.1,8.7,8.7,6.9,8,8,8,6,8,7,6,7,7,7,7,8,0,0.8,0.3,0,2.2,0,0,0.5,1.9,0,0,1.1,0.57,94.3,Not Placed,2026-08-24 18:00:00
231FA04945,CSE,2027,6.95,Yes,6,1,2,5.7,6.2,6.3,7.5,5.1,5.8,6.3,6.9,7.7,7,8.8,5.3,8,9,8,6,8,6,7,7,8,8,8,8,2.3,2.8,1.7,0,2.9,0.2,0.7,0.1,0.3,1,0,2.7,1.22,87.8,Not Placed,2026-08-25 00:00:00
231FA04946,CSE,2027,8.46,Yes,5,4,2,9.1,6,6.7,7.7,8.7,6.7,7.7,6.8,4.4,7.2,5.7,8.8,8,8,9,7,8,7,7,7,7,7,9,9,0,2,2.3,0,0,0.3,0,0.2,2.6,0,3.3,0.2,0.91,90.9,Placed,2026-08-25 06:00:00
231FA04947,CSE,2027,7.25,Yes,4,6,1,8.7,6.1,5.9,6.4,7.8,7.8,10,6.8,7.3,9.6,7.5,5.8,8,7,7,7,8,6,6,7,6,8,9,8,0,0.9,1.1,0.6,0.2,0,0,0.2,0,0,1.5,2.2,0.56,94.4,Placed,2026-08-25 12:00:00
231FA04948,CSE-DS,2027,8.26,Yes,10,5,4,7.9,8.4,7,8.5,8.4,6.9,9.4,6.5,8,6.7,5.4,7.9,8,9,9,6,9,7,7,6,7,7,9,8,0.1,0.6,2,0,0.6,0.1,0,0,0,0.3,3.6,0.1,0.62,93.8,Placed,2026-08-25 18:00:00
231FA04949,CSE-DS,2027,7.93,Yes,2,6,4,9.9,7.5,5.7,7.8,6.5,8.8,7.2,5.3,8.2,7.8,7.2,6.2,8,8,9,7,7,7,7,8,7,7,8,8,0,0.5,3.3,0,0.5,0,0,2.7,0,0,0.8,1.8,0.8,92,Not Placed,2026-08-26 00:00:00
231FA04950,CSE-AIML,2027,9.03,Yes,4,5,3,9.8,7,8.7,7,8.4,7.6,7.6,6.5,8.2,9.3,6.3,6.5,7,7,9,7,8,7,7,7,7,7,8,9,0,0,0.3,0,0,0,0,0.5,0,0,1.7,2.5,0.42,95.8,Placed,2026-08-26 06:00:00
231FA04951,CSE-AIML,2027,7.48,Yes,2,2,2,10,5.5,6.1,8.5,8.6,3.8,7.8,6.6,6.6,8.3,6.4,6.2,7,8,8,7,8,6,7,7,7,7,7,8,0,2.5,1.9,0,0,2.2,0,0.4,0.4,0,0.6,1.8,0.82,91.8,Not Placed,2026-08-26 12:00:00
231FA04952,CSE-AIML,2027,7.39,No,0,3,6,6.6,6.6,7.5,8.7,7.6,7,7.7,8,7.7,6.2,7.5,4.4,8,8,9,7,7,7,6,6,7,7,8,8,1.4,1.4,1.5,0,0,0,0,0,0,0.8,0.5,3.6,0.77,92.3,Placed,2026-08-26 18:00:00
231FA04953,CSE,2027,7.64,Yes,6,2,2,8.7,8.7,7.9,8.4,6.7,5.9,5.3,8.1,5.9,6.4,7.1,6.8,8,9,8,6,8,7,6,7,7,6,8,8,0,0.3,0.1,0,1.3,1.1,0.7,0,1.1,0,0.9,1.2,0.56,94.4,Placed,2026-08-27 00:00:00
231FA04954,CSE-DS,2027,7.42,Yes,4,3,3,7.3,4.7,6.7,8,6.4,5.9,8.2,6.5,7.2,6.7,7,8.9,7,8,8,7,7,6,7,6,7,8,9,9,0,3.3,1.3,0,0.6,0.1,0,0,0,1.3,2,0.1,0.72,92.8,Not Placed,2026-08-27 06:00:00
231FA04955,CSE,2027,8.25,Yes,6,5,2,8,5.8,6.8,6.8,7.6,8.4,7.3,7.3,4.5,9,7.1,7.6,9,8,8,7,7,8,6,6,6,7,8,8,1,2.2,1.2,0.2,0,0,0,0,1.5,0,0.9,0.4,0.62,93.8,Placed,2026-08-27 12:00:00
231FA04956,CSE,2027,6.44,Yes,4,2,5,7.1,5.9,6.5,5.9,8.6,4,5.6,6.4,8.7,7.7,4.8,6.7,7,8,7,7,9,8,8,6,7,6,7,8,0,2.1,0.5,1.1,0.4,4,2.4,0,0,0,2.2,1.3,1.17,88.3,Not Placed,2026-08-27 18:00:00
231FA04957,CSE,2027,6.86,Yes,6,5,2,7.9,9.8,6.6,5.6,7.4,7,7.6,7.9,7.4,7.7,9.1,6.7,8,9,8,6,8,7,8,7,7,6,7,9,0.1,0,1.4,0.4,0.6,0,0.4,0,0,0,0,2.3,0.43,95.7,Placed,2026-08-28 00:00:00
231FA04958,CSE,2027,6.85,No,0,5,2,5.3,7.2,5.2,5.4,5.8,5.3,8.3,6.9,7.7,7.5,6.6,8,8,8,8,8,8,7,6,6,7,7,8,7,2.7,0.8,2.8,2.6,2.2,1.7,0,0,0,0,1.4,0,1.18,88.2,Placed,2026-08-28 06:00:00
231FA04959,CSE,2027,8.36,No,0,3,5,6.5,6.9,6.2,8.9,7,7.9,6.4,8.2,8.1,5.1,7.1,7.3,7,8,8,7,8,7,8,6,7,7,8,7,0.5,1.1,1.8,0,1,0,1.6,0,0,1.9,0.9,0,0.73,92.7,Not Placed,2026-08-28 12:00:00
231FA04960,CSE-AIML,2027,8.93,Yes,12,4,2,7,9.1,5.8,6.8,6.3,8.6,6,5,7.9,7.2,8.6,8.3,8,8,8,8,8,7,7,6,7,7,8,7,1,0,2.2,1.2,1.7,0,1,1,0,0,0,0,0.68,93.2,Not Placed,2026-08-28 18:00:00
231FA04961,CSE,2027,7.57,Yes,4,5,2,7.1,5.4,5.7,5,7,6.4,6.9,7.4,9.5,7.9,7.3,5.2,9,9,9,7,8,7,6,7,6,7,7,8,1.9,3.6,3.3,2,1,0.6,0,0,0,0,0,2.8,1.27,87.3,Not Placed,2026-08-29 00:00:00
231FA04962,CSE-AIML,2027,7.52,Yes,3,3,6,7.3,8.3,7.7,5.9,6.8,7.3,6.7,6.5,4.6,6.3,7.6,8.3,8,8,8,8,8,8,7,7,6,7,8,7,0.7,0,0.3,2.1,1.2,0.7,0.3,0.5,1.4,0.7,0.4,0,0.69,93.1,Placed,2026-08-29 06:00:00
231FA04963,CSE,2027,7.7,No,0,2,0,6.6,7.8,6.4,5.4,5.9,7.1,6.1,5.7,4.5,5.4,6,5.8,9,8,8,7,7,7,7,7,8,8,7,8,2.4,0.2,1.6,1.6,1.1,0,0.9,1.3,3.5,2.6,1,2.2,1.53,84.7,Placed,2026-08-29 12:00:00
231FA04964,CSE,2027,8.52,No,0,4,4,6,9.2,8,9.9,5.2,7.6,6.7,7.2,9.5,5,6.5,6.3,9,7,9,7,7,7,8,7,7,7,9,8,3,0,1,0,1.8,0,1.3,0,0,2,2.5,1.7,1.11,88.9,Placed,2026-08-29 18:00:00
231FA04965,CSE,2027,6.95,Yes,4,6,0,6.3,4.4,8.6,8.7,7.7,5.3,7.4,8.1,7.5,6.9,8.8,6.1,8,9,8,7,8,7,7,7,8,8,8,8,1.7,4.6,0,0,0.3,1.7,0,0,0.5,1.1,0,1.9,0.98,90.2,Placed,2026-08-30 00:00:00
231FA04966,CSE,2027,7.83,Yes,2,3,3,6.9,7.8,7.5,7.8,7.7,7.7,6.6,6.2,7.2,9,7,7.8,7,7,8,7,8,6,7,6,7,7,8,7,0.1,0,0.5,0,0.3,0,0.4,0,0,0,1,0,0.19,98.1,Placed,2026-08-30 06:00:00
231FA04967,CSE-AIML,2027,8.38,Yes,4,7,2,7.7,10,7.4,8.3,6.7,6.2,7.6,9.1,8.4,5,8.5,5.7,8,8,9,7,8,8,8,6,6,7,7,9,0.3,0,1.6,0,1.3,1.8,0.4,0,0,2,0,3.3,0.89,91.1,Placed,2026-08-30 12:00:00
231FA04968,CSE,2027,8.03,Yes,5,4,3,8.3,7.9,7,8.1,6.9,7.4,5.4,6.9,8.4,5.6,8.2,4.7,8,8,8,6,8,6,7,6,7,7,9,8,0,0.1,1,0,1.1,0,1.6,0,0,1.4,0.8,3.3,0.78,92.2,Not Placed,2026-08-30 18:00:00
231FA04969,CSE-AIML,2027,7.79,Yes,3,3,4,5.7,6.7,7.3,6.4,6.4,8.5,8.6,6.6,6.6,6.8,9.9,7.2,8,8,9,7,8,6,8,7,7,7,8,8,2.3,1.3,1.7,0.6,1.6,0,0,0.4,0.4,0.2,0,0.8,0.77,92.3,Not Placed,2026-08-31 00:00:00
231FA04970,CSE,2027,8.4,Yes,6,1,2,8.8,7.8,6.7,6.1,7.8,5.9,6.4,7.7,6.6,6.4,6.5,6,7,7,8,7,8,7,8,6,7,6,9,8,0,0,1.3,0.9,0.2,1.1,1.6,0,0.4,0,2.5,2,0.83,91.7,Not Placed,2026-08-31 06:00:00
231FA04971,CSE-AIML,2027,5.62,No,0,3,8,7.4,6.9,5.1,6.2,6.4,6.4,7.6,5.9,10,8.6,8.5,5.5,8,7,7,7,8,7,6,6,8,8,8,9,0.6,0.1,1.9,0.8,1.6,0.6,0,0.1,0,0,0,3.5,0.77,92.3,Not Placed,2026-08-31 12:00:00
231FA04972,CSE-DS,2027,8.16,Yes,5,2,0,4.2,6.3,7.1,6.6,6.1,4.6,5.9,6.5,6.2,6.1,5.8,8.8,7,8,8,7,8,7,7,7,6,7,9,9,2.8,1.7,0.9,0.4,1.9,2.4,1.1,0.5,0,0.9,3.2,0.2,1.33,86.7,Placed,2026-08-31 18:00:00
231FA04973,CSE-AIML,2027,7.16,Yes,4,3,6,8.1,8.4,7.5,5.5,8.1,8.9,9,8,7.2,7.2,7.8,5.1,8,7,8,6,9,6,7,6,8,8,8,7,0,0,0.5,0.5,0.9,0,0,0,0.8,0.8,0.2,1.9,0.47,95.3,Not Placed,2026-09-01 00:00:00
231FA04974,CSE,2027,6.28,No,0,3,3,7.4,5.9,9.3,6.2,6.8,6.7,5.7,7.1,7,7.8,7.5,6.8,8,8,8,7,7,7,8,7,7,7,8,8,0.6,2.1,0,0.8,0.2,0.3,2.3,0,0,0,0.5,1.2,0.67,93.3,Not Placed,2026-09-01 06:00:00
231FA04975,CSE,2027,8.03,Yes,3,2,1,5.8,5.8,8.9,6.9,9.4,5.8,9.6,5.6,6.3,7.4,8.1,7.7,9,8,7,6,8,7,7,8,6,7,8,9,3.2,2.2,0,0,0,1.2,0,2.4,0,0,0,1.3,0.86,91.4,Not Placed,2026-09-01 12:00:00
231FA04976,CSE,2027,8.68,Yes,10,7,1,5.2,6.8,6.1,5.8,7.5,4.9,8.8,8.5,9.6,6.2,6.3,8.9,7,8,8,7,9,6,7,7,7,7,7,8,1.8,1.2,1.9,1.2,1.5,1.1,0,0,0,0.8,0.7,0,0.85,91.5,Placed,2026-09-01 18:00:00
231FA04977,CSE-AIML,2027,7.55,Yes,4,1,2,8.1,8.4,8.1,7,6.1,7.6,6.1,6.8,6.2,7,8.2,6.3,8,8,8,8,8,7,7,7,6,6,9,9,0,0,0,1,1.9,0,0.9,0.2,0,0,0.8,2.7,0.62,93.8,Placed,2026-09-02 00:00:00
231FA04978,CSE,2027,8.36,Yes,4,5,3,6.8,7.3,5.9,8.2,7.6,7.4,7.8,5.6,9.2,6.8,6.9,8.5,8,8,8,8,7,8,7,7,7,7,8,9,1.2,0.7,2.1,0,0,0.6,0,1.4,0,0.2,1.1,0.5,0.65,93.5,Not Placed,2026-09-02 06:00:00
231FA04979,CSE,2027,8.86,No,0,6,5,8.4,10,6.4,6.4,6.1,7.8,7.3,6.7,7.5,6.3,9.5,6.7,8,7,8,6,8,7,6,7,7,7,8,8,0,0,1.6,0,1.9,0,0,0.3,0,0.7,0,1.3,0.48,95.2,Not Placed,2026-09-02 12:00:00
231FA04980,CSE-AIML,2027,8.64,Yes,5,7,0,6.8,4.5,5.4,6.7,7.1,8.4,5.6,8,8.2,8.3,8.8,6,9,8,7,7,8,6,7,7,8,7,7,9,2.2,3.5,1.6,0.3,0.9,0,1.4,0,0,0,0,3,1.08,89.2,Not Placed,2026-09-02 18:00:00
231FA04981,CSE,2027,8.88,Yes,6,1,1,7.6,9.1,8.6,9.2,7.2,6.1,3.7,5.3,6.2,6.4,5.9,7.3,8,8,7,7,7,7,7,7,6,7,7,8,0.4,0,0,0,0,0.9,3.3,1.7,0,0.6,1.1,0.7,0.72,92.8,Not Placed,2026-09-03 00:00:00
231FA04982,CSE-AIML,2027,8.21,Yes,2,5,2,7.5,7.4,8.3,6.7,8.7,5.8,6.9,7.7,4.9,6.7,8.2,6.8,9,8,8,7,9,8,7,7,8,8,8,9,1.5,0.6,0,0.3,0.3,2.2,0.1,0,3.1,1.3,0,2.2,0.97,90.3,Placed,2026-09-03 06:00:00
231FA04983,CSE,2027,7.71,No,0,4,3,4.7,5.9,5.3,7.6,7.1,5,4.9,6.1,7,6.1,7.4,7.4,8,7,8,8,7,7,6,8,6,8,8,8,3.3,1.1,2.7,0.4,0,2,1.1,1.9,0,1.9,0.6,0.6,1.3,87,Not Placed,2026-09-03 12:00:00
231FA04984,CSE,2027,6.45,No,0,2,2,7.1,4.6,6,7.7,5.6,5.4,5.8,5.7,6.5,5.7,3.9,7.9,9,8,8,8,8,7,6,7,6,8,7,9,1.9,3.4,2,0.3,2.4,1.6,0.2,1.3,0,2.3,3.1,1.1,1.63,83.7,Not Placed,2026-09-03 18:00:00
231FA04985,CSE-AIML,2027,7.47,Yes,6,6,4,8.1,7.6,7.3,7,6.4,5.1,9.5,7.5,5.4,6.2,7.8,7.8,8,8,7,6,8,6,7,6,6,7,8,7,0,0.4,0,0,1.6,0.9,0,0,0.6,0.8,0.2,0,0.38,96.2,Not Placed,2026-09-04 00:00:00
231FA04986,CSE,2027,7.02,Yes,12,3,3,6,5.6,6.2,4.5,6.3,6.3,8.8,6.3,7.2,8.9,5.6,6.1,9,8,8,6,8,7,8,7,7,7,8,8,3,2.4,1.8,1.5,1.7,0.7,0,0.7,0,0,2.4,1.9,1.34,86.6,Not Placed,2026-09-04 06:00:00
231FA04987,CSE-AIML,2027,9.28,No,0,5,2,6.6,5.2,7,8.8,8.4,8.8,6.5,5.9,10,7.6,5.3,10,7,7,8,7,7,8,8,6,7,7,8,8,0.4,1.8,1,0,0,0,1.5,0.1,0,0,2.7,0,0.63,93.7,Placed,2026-09-04 12:00:00
231FA04988,CSE,2027,7.52,Yes,5,1,2,6.6,3,8.5,3.8,7,7.7,7.5,8.6,8,9,6.6,6.2,8,8,8,7,7,7,6,7,7,6,7,8,1.4,5,0,3.2,0,0,0,0,0,0,0.4,1.8,0.98,90.2,Placed,2026-09-04 18:00:00
231FA04989,CSE,2027,7.74,No,0,5,3,6.7,8.8,6.3,8.1,6,6,8.6,7.6,4.4,6,3.9,6.6,8,7,8,7,9,6,8,7,7,7,7,9,1.3,0,1.7,0,3,0,0,0,2.6,1,3.1,2.4,1.26,87.4,Not Placed,2026-09-05 00:00:00
231FA04990,CSE-DS,2027,8.06,No,0,3,2,6.5,6.2,8.3,7.3,9.9,7.5,7.5,7.2,6.5,6,6.5,6.6,8,8,9,7,8,8,6,7,7,7,9,9,1.5,1.8,0.7,0,0,0.5,0,0,0.5,1,2.5,2.4,0.91,90.9,Not Placed,2026-09-05 06:00:00
231FA04991,CSE-AIML,2027,7.68,No,0,1,1,6.3,7.2,6.8,5.8,5.5,6.7,5.3,5.9,5.8,9.5,4.8,5.4,8,8,7,8,8,7,7,7,7,6,7,8,1.7,0.8,0.2,2.2,2.5,0.3,1.7,1.1,1.2,0,2.2,2.6,1.38,86.2,Not Placed,2026-09-05 12:00:00
231FA04992,CSE-AIML,2027,8.92,Yes,4,6,3,6.9,7.1,8.9,7.3,6,9.4,8,8.2,8.5,6.1,7.6,8.7,8,8,7,8,7,6,7,7,6,7,8,9,1.1,0.9,0,0.7,1,0,0,0,0,0.9,0.4,0.3,0.44,95.6,Placed,2026-09-05 18:00:00
231FA04993,CSE,2027,7.18,Yes,3,2,7,6.3,7.5,7.8,5.3,5.8,4.3,7.4,9.5,6.3,6.9,8.4,7.5,8,7,8,6,8,7,7,8,6,8,8,7,1.7,0,0.2,0.7,2.2,2.7,0,0,0,1.1,0,0,0.72,92.8,Not Placed,2026-09-06 00:00:00
231FA04994,CSE-AIML,2027,7.8,No,0,4,3,5.8,8.9,7.2,6.7,6.8,7.7,6.2,8.9,8.6,7,7.1,5.9,7,9,8,8,8,6,6,7,7,7,8,8,1.2,0.1,0.8,1.3,1.2,0,0,0,0,0,0.9,2.1,0.63,93.7,Placed,2026-09-06 06:00:00
231FA04995,CSE,2027,7.09,Yes,3,5,2,6.3,5.7,6.8,7.2,5.1,7.9,6,7.6,8.1,8.7,8.4,9.1,9,9,8,6,8,8,6,6,7,8,8,9,2.7,3.3,1.2,0,2.9,0.1,0,0,0,0,0,0,0.85,91.5,Placed,2026-09-06 12:00:00
231FA04996,CSE,2027,6.66,Yes,6,1,5,7.8,7,6.2,6.6,8.8,6.5,6.7,8.6,6.5,5.8,8.2,5.7,7,7,7,7,8,7,8,8,8,7,7,8,0,0,0.8,0.4,0,0.5,1.3,0,1.5,1.2,0,2.3,0.67,93.3,Not Placed,2026-09-06 18:00:00
231FA04997,CSE-DS,2027,7.19,No,0,2,1,7,6.7,6.9,3.4,7.4,6.4,7.2,7.1,6.9,6,6,6.4,8,8,9,7,9,7,8,7,6,7,8,8,1,1.3,2.1,3.6,1.6,0.6,0.8,0,0,1,2,1.6,1.3,87,Placed,2026-09-07 00:00:00
231FA04998,CSE,2027,7.62,No,0,4,1,7,6.3,8,6.4,5.6,7.5,9.1,5.3,6.6,8.1,7.5,7.6,8,8,9,7,8,7,8,8,7,8,8,8,1,1.7,1,0.6,2.4,0,0,2.7,0.4,0,0.5,0.4,0.89,91.1,Placed,2026-09-07 06:00:00
231FA04999,CSE-DS,2027,7.33,Yes,5,1,1,6.6,3.2,6.9,7,8,5.6,8.7,6.2,6,5.7,7.9,5.2,8,7,8,7,8,7,7,7,8,6,8,7,1.4,3.8,1.1,0,0,1.4,0,0.8,2,0.3,0.1,1.8,1.06,89.4,Not Placed,2026-09-07 12:00:00
231FA041000,CSE,2027,7.13,Yes,6,3,4,7.8,6,7,5.1,8,6.8,7.7,6.8,7.7,6.9,7.9,7.7,8,7,7,7,8,6,6,6,7,7,9,8,0.2,1,0,1.9,0,0,0,0,0,0.1,1.1,0.3,0.38,96.2,Placed,2026-09-07 18:00:00
